entity_type,country_code,account_currency,payment_method,local_clearing_system
PERSONAL,AD,HKD,SWIFT,
COMPANY,AD,HKD,SWIFT,
PERSONAL,DE,CHF,SWIFT,
COMPANY,DE,CHF,SWIFT,
PERSONAL,DK,AUD,SWIFT,
COMPANY,DK,AUD,SWIFT,
PERSONAL,GE,USD,SWIFT,
COMPANY,GE,USD,SWIFT,
PERSONAL,HK,JPY,SWIFT,
COMPANY,HK,JPY,SWIFT,
PERSONAL,HK,SGD,SWIFT,
COMPANY,HK,SGD,SWIFT,
PERSONAL,IL,CAD,SWIFT,
COMPANY,IL,CAD,SWIFT,
PERSONAL,IL,CHF,SWIFT,
COMPANY,IL,CHF,SWIFT,
PERSONAL,KR,CAD,SWIFT,
COMPANY,KR,CAD,SWIFT,
PERSONAL,KR,JPY,SWIFT,
COMPANY,KR,JPY,SWIFT,
PERSONAL,KR,SGD,SWIFT,
PERSONAL,KR,SGD,SWIFT,
COMPANY,KR,KRW,LOCAL,
PERSONAL,KR,KRW,LOCAL,
PERSONAL,KW,CHF,SWIFT,
COMPANY,KW,CHF,SWIFT,
PERSONAL,LK,AUD,SWIFT,
COMPANY,LK,AUD,SWIFT,
PERSONAL,MK,AUD,SWIFT,
COMPANY,MK,AUD,SWIFT,
PERSONAL,MK,USD,SWIFT,
COMPANY,MK,USD,SWIFT,
PERSONAL,NL,CHF,SWIFT,
COMPANY,NL,CHF,SWIFT,
PERSONAL,PF,NZD,SWIFT,
COMPANY,PF,NZD,SWIFT,
PERSONAL,PH,AUD,SWIFT,
COMPANY,PH,AUD,SWIFT,
PERSONAL,PL,HKD,SWIFT,
COMPANY,PL,HKD,SWIFT,
PERSONAL,PM,SGD,SWIFT,
COMPANY,PM,SGD,SWIFT,
PERSONAL,SA,SGD,SWIFT,
COMPANY,SA,SGD,SWIFT,
PERSONAL,SC,SGD,SWIFT,
COMPANY,SC,SGD,SWIFT,
PERSONAL,TR,AUD,SWIFT,
COMPANY,TR,AUD,SWIFT,
PERSONAL,TW,CNY,SWIFT,
COMPANY,TW,CNY,SWIFT,
PERSONAL,UA,CAD,SWIFT,
COMPANY,UA,CAD,SWIFT,
PERSONAL,UA,NZD,SWIFT,
COMPANY,UA,NZD,SWIFT,
PERSONAL,UG,GBP,SWIFT,
COMPANY,UG,GBP,SWIFT,
PERSONAL,VU,GBP,SWIFT,
COMPANY,VU,GBP,SWIFT,
PERSONAL,VU,THB,SWIFT,
COMPANY,VU,THB,SWIFT,
PERSONAL,YT,HKD,SWIFT,
COMPANY,YT,HKD,SWIFT,
PERSONAL,ZA,AUD,SWIFT,
COMPANY,ZA,AUD,SWIFT,
PERSONAL,ZM,USD,SWIFT,
COMPANY,ZM,USD,SWIFT,
PERSONAL,AE,CHF,SWIFT,
COMPANY,AE,CHF,SWIFT,
PERSONAL,AO,GBP,SWIFT,
COMPANY,AO,GBP,SWIFT,
PERSONAL,AR,EUR,SWIFT,
COMPANY,AR,EUR,SWIFT,
PERSONAL,AT,AUD,SWIFT,
COMPANY,AT,AUD,SWIFT,
PERSONAL,AT,JPY,SWIFT,
COMPANY,AT,JPY,SWIFT,
PERSONAL,AT,SGD,SWIFT,
COMPANY,AT,SGD,SWIFT,
PERSONAL,BE,EUR,LOCAL,
PERSONAL,BE,EUR,SWIFT,
COMPANY,BE,EUR,LOCAL,
COMPANY,BE,EUR,SWIFT,
PERSONAL,CN,AUD,SWIFT,
COMPANY,CN,AUD,SWIFT,
PERSONAL,CZ,CNY,SWIFT,
COMPANY,CZ,CNY,SWIFT,
PERSONAL,DE,CAD,SWIFT,
COMPANY,DE,CAD,SWIFT,
PERSONAL,DM,CNY,SWIFT,
COMPANY,DM,CNY,SWIFT,
PERSONAL,EC,CNY,SWIFT,
COMPANY,EC,CNY,SWIFT,
PERSONAL,EC,JPY,SWIFT,
COMPANY,EC,JPY,SWIFT,
PERSONAL,ES,USD,SWIFT,
COMPANY,ES,USD,SWIFT,
PERSONAL,FI,CNY,SWIFT,
COMPANY,FI,CNY,SWIFT,
PERSONAL,FJ,HKD,SWIFT,
COMPANY,FJ,HKD,SWIFT,
PERSONAL,FR,HKD,SWIFT,
COMPANY,FR,HKD,SWIFT,
PERSONAL,GR,THB,SWIFT,
COMPANY,GR,THB,SWIFT,
PERSONAL,HR,EUR,LOCAL SWIFT,
COMPANY,HR,EUR,LOCAL SWIFT,
PERSONAL,KZ,CNY,SWIFT,
COMPANY,KZ,CNY,SWIFT,
PERSONAL,LT,EUR,LOCAL SWIFT,
COMPANY,LT,EUR,LOCAL SWIFT,
PERSONAL,LV,JPY,SWIFT,
COMPANY,LV,JPY,SWIFT,
PERSONAL,MA,JPY,SWIFT,
COMPANY,MA,JPY,SWIFT,
PERSONAL,MA,CHF,SWIFT,
COMPANY,MA,CHF,SWIFT,
PERSONAL,MQ,EUR,LOCAL SWIFT,
COMPANY,MQ,EUR,LOCAL SWIFT,
PERSONAL,NL,SGD,SWIFT,
COMPANY,NL,SGD,SWIFT,
PERSONAL,SI,AUD,SWIFT,
COMPANY,SI,AUD,SWIFT,
PERSONAL,SI,EUR,LOCAL SWIFT,
COMPANY,SI,EUR,LOCAL SWIFT,
PERSONAL,SK,EUR,LOCAL SWIFT,
COMPANY,SK,EUR,LOCAL SWIFT,
PERSONAL,VN,CAD,SWIFT,
COMPANY,VN,CAD,SWIFT,
PERSONAL,AU,JPY,SWIFT,
COMPANY,AU,JPY,SWIFT,
PERSONAL,BO,THB,SWIFT,
COMPANY,BO,THB,SWIFT,
PERSONAL,BR,NZD,SWIFT,
COMPANY,BR,NZD,SWIFT,
PERSONAL,CN,THB,SWIFT,
COMPANY,CN,THB,SWIFT,
PERSONAL,DE,AUD,SWIFT,
COMPANY,DE,AUD,SWIFT,
PERSONAL,DE,JPY,SWIFT,
COMPANY,DE,JPY,SWIFT,
PERSONAL,EG,JPY,SWIFT,
COMPANY,EG,JPY,SWIFT,
PERSONAL,GR,GBP,SWIFT,
COMPANY,GR,GBP,SWIFT,
PERSONAL,GR,NZD,SWIFT,
COMPANY,GR,NZD,SWIFT,
PERSONAL,GR,CHF,SWIFT,
COMPANY,GR,CHF,SWIFT,
PERSONAL,HR,USD,SWIFT,
COMPANY,HR,USD,SWIFT,
PERSONAL,HU,JPY,SWIFT,
COMPANY,HU,JPY,SWIFT,
PERSONAL,ID,EUR,SWIFT,
COMPANY,ID,EUR,SWIFT,
PERSONAL,IE,NZD,SWIFT,
COMPANY,IE,NZD,SWIFT,
PERSONAL,IM,NZD,SWIFT,
COMPANY,IM,NZD,SWIFT,
PERSONAL,IT,GBP,SWIFT,
COMPANY,IT,GBP,SWIFT,
PERSONAL,JE,HKD,SWIFT,
COMPANY,JE,HKD,SWIFT,
PERSONAL,KG,JPY,SWIFT,
COMPANY,KG,JPY,SWIFT,
PERSONAL,MD,HKD,SWIFT,
COMPANY,MD,HKD,SWIFT,
PERSONAL,MD,NZD,SWIFT,
COMPANY,MD,NZD,SWIFT,
PERSONAL,ME,AUD,SWIFT,
COMPANY,ME,AUD,SWIFT,
PERSONAL,MK,HKD,SWIFT,
COMPANY,MK,HKD,SWIFT,
PERSONAL,NL,GBP,SWIFT,
COMPANY,NL,GBP,SWIFT,
PERSONAL,NP,GBP,SWIFT,
COMPANY,NP,GBP,SWIFT,
PERSONAL,PE,THB,SWIFT,
COMPANY,PE,THB,SWIFT,
PERSONAL,PR,THB,SWIFT,
COMPANY,PR,THB,SWIFT,
PERSONAL,SA,JPY,SWIFT,
COMPANY,SA,JPY,SWIFT,
PERSONAL,SC,HKD,SWIFT,
COMPANY,SC,HKD,SWIFT,
PERSONAL,SK,JPY,SWIFT,
COMPANY,SK,JPY,SWIFT,
PERSONAL,SM,EUR,LOCAL SWIFT,
COMPANY,SM,EUR,LOCAL SWIFT,
PERSONAL,TW,AUD,SWIFT,
COMPANY,TW,AUD,SWIFT,
PERSONAL,AL,EUR,SWIFT,
COMPANY,AL,EUR,SWIFT,
PERSONAL,AM,AUD,SWIFT,
COMPANY,AM,AUD,SWIFT,
PERSONAL,AU,HKD,SWIFT,
COMPANY,AU,HKD,SWIFT,
PERSONAL,BE,CHF,SWIFT,
COMPANY,BE,CHF,SWIFT,
PERSONAL,BO,CNY,SWIFT,
COMPANY,BO,CNY,SWIFT,
PERSONAL,BZ,AUD,SWIFT,
COMPANY,BZ,AUD,SWIFT,
PERSONAL,CA,NZD,SWIFT,
COMPANY,CA,NZD,SWIFT,
PERSONAL,EG,CHF,SWIFT,
COMPANY,EG,CHF,SWIFT,
PERSONAL,ES,AUD,SWIFT,
COMPANY,ES,AUD,SWIFT,
PERSONAL,ES,SGD,SWIFT,
COMPANY,ES,SGD,SWIFT,
PERSONAL,FJ,NZD,SWIFT,
COMPANY,FJ,NZD,SWIFT,
PERSONAL,GB,CAD,SWIFT,
COMPANY,GB,CAD,SWIFT,
PERSONAL,GG,HKD,SWIFT,
COMPANY,GG,HKD,SWIFT,
PERSONAL,HU,GBP,SWIFT,
COMPANY,HU,GBP,SWIFT,
PERSONAL,HU,THB,SWIFT,
COMPANY,HU,THB,SWIFT,
PERSONAL,ID,NZD,SWIFT,
COMPANY,ID,NZD,SWIFT,
PERSONAL,IE,AUD,SWIFT,
COMPANY,IE,AUD,SWIFT,
PERSONAL,LI,SGD,SWIFT,
COMPANY,LI,SGD,SWIFT,
PERSONAL,MQ,THB,SWIFT,
COMPANY,MQ,THB,SWIFT,
PERSONAL,NG,NZD,SWIFT,
COMPANY,NG,NZD,SWIFT,
PERSONAL,PK,NZD,SWIFT,
COMPANY,PK,NZD,SWIFT,
PERSONAL,PT,USD,SWIFT,
COMPANY,PT,USD,SWIFT,
PERSONAL,QA,USD,SWIFT,
COMPANY,QA,USD,SWIFT,
PERSONAL,RO,AUD,SWIFT,
COMPANY,RO,AUD,SWIFT,
PERSONAL,RO,HKD,SWIFT,
COMPANY,RO,HKD,SWIFT,
PERSONAL,SG,EUR,SWIFT,
COMPANY,SG,EUR,SWIFT,
PERSONAL,YT,AUD,SWIFT,
COMPANY,YT,AUD,SWIFT,
PERSONAL,BG,NZD,SWIFT,
COMPANY,BG,NZD,SWIFT,
PERSONAL,BH,USD,SWIFT,
COMPANY,BH,USD,SWIFT,
PERSONAL,BO,HKD,SWIFT,
COMPANY,BO,HKD,SWIFT,
PERSONAL,BR,SGD,SWIFT,
COMPANY,BR,SGD,SWIFT,
PERSONAL,BZ,GBP,SWIFT,
COMPANY,BZ,GBP,SWIFT,
PERSONAL,CH,GBP,SWIFT,
COMPANY,CH,GBP,SWIFT,
PERSONAL,CH,USD,SWIFT,
COMPANY,CH,USD,SWIFT,
PERSONAL,CL,CAD,SWIFT,
COMPANY,CL,CAD,SWIFT,
PERSONAL,CO,USD,SWIFT,
COMPANY,CO,USD,SWIFT,
PERSONAL,DO,CNY,SWIFT,
COMPANY,DO,CNY,SWIFT,
PERSONAL,DO,JPY,SWIFT,
COMPANY,DO,JPY,SWIFT,
PERSONAL,GG,JPY,SWIFT,
COMPANY,GG,JPY,SWIFT,
PERSONAL,GI,CNY,SWIFT,
COMPANY,GI,CNY,SWIFT,
PERSONAL,GI,THB,SWIFT,
COMPANY,GI,THB,SWIFT,
PERSONAL,HU,CHF,SWIFT,
COMPANY,HU,CHF,SWIFT,
PERSONAL,ID,USD,SWIFT,
COMPANY,ID,USD,SWIFT,
PERSONAL,JO,CNY,SWIFT,
COMPANY,JO,CNY,SWIFT,
PERSONAL,JO,USD,SWIFT,
COMPANY,JO,USD,SWIFT,
PERSONAL,JP,GBP,SWIFT,
COMPANY,JP,GBP,SWIFT,
PERSONAL,KH,GBP,SWIFT,
COMPANY,KH,GBP,SWIFT,
PERSONAL,MD,JPY,SWIFT,
COMPANY,MD,JPY,SWIFT,
PERSONAL,NP,USD,SWIFT,
COMPANY,NP,USD,SWIFT,
PERSONAL,PK,CAD,SWIFT,
COMPANY,PK,CAD,SWIFT,
PERSONAL,PM,THB,SWIFT,
COMPANY,PM,THB,SWIFT,
PERSONAL,QA,THB,SWIFT,
COMPANY,QA,THB,SWIFT,
PERSONAL,SG,GBP,SWIFT,
COMPANY,SG,GBP,SWIFT,
PERSONAL,TN,USD,SWIFT,
COMPANY,TN,USD,SWIFT,
PERSONAL,TR,THB,SWIFT,
COMPANY,TR,THB,SWIFT,
PERSONAL,TZ,JPY,SWIFT,
COMPANY,TZ,JPY,SWIFT,
PERSONAL,UG,CNY,SWIFT,
COMPANY,UG,CNY,SWIFT,
PERSONAL,AD,JPY,SWIFT,
COMPANY,AD,JPY,SWIFT,
PERSONAL,AL,THB,SWIFT,
COMPANY,AL,THB,SWIFT,
PERSONAL,AZ,CNY,SWIFT,
COMPANY,AZ,CNY,SWIFT,
PERSONAL,BR,HKD,SWIFT,
COMPANY,BR,HKD,SWIFT,
PERSONAL,BR,USD,SWIFT,
COMPANY,BR,USD,SWIFT,
PERSONAL,CA,CNY,SWIFT,
COMPANY,CA,CNY,SWIFT,
PERSONAL,CN,HKD,SWIFT,
COMPANY,CN,HKD,SWIFT,
PERSONAL,CO,CAD,SWIFT,
COMPANY,CO,CAD,SWIFT,
PERSONAL,CY,USD,SWIFT,
COMPANY,CY,USD,SWIFT,
PERSONAL,CZ,GBP,SWIFT,
COMPANY,CZ,GBP,SWIFT,
PERSONAL,CZ,NZD,SWIFT,
COMPANY,CZ,NZD,SWIFT,
PERSONAL,DE,GBP,SWIFT,
COMPANY,DE,GBP,SWIFT,
PERSONAL,FI,GBP,SWIFT,
COMPANY,FI,GBP,SWIFT,
PERSONAL,FI,THB,SWIFT,
COMPANY,FI,THB,SWIFT,
PERSONAL,GR,EUR,LOCAL SWIFT,
COMPANY,GR,EUR,LOCAL SWIFT,
PERSONAL,GR,USD,SWIFT,
COMPANY,GR,USD,SWIFT,
PERSONAL,GY,THB,SWIFT,
COMPANY,GY,THB,SWIFT,
PERSONAL,HK,EUR,SWIFT,
COMPANY,HK,EUR,SWIFT,
PERSONAL,HN,SGD,SWIFT,
COMPANY,HN,SGD,SWIFT,
PERSONAL,IL,HKD,SWIFT,
COMPANY,IL,HKD,SWIFT,
PERSONAL,IL,THB,SWIFT,
COMPANY,IL,THB,SWIFT,
PERSONAL,JM,CNY,SWIFT,
COMPANY,JM,CNY,SWIFT,
PERSONAL,KE,USD,SWIFT,
COMPANY,KE,USD,SWIFT,
PERSONAL,KG,USD,SWIFT,
COMPANY,KG,USD,SWIFT,
PERSONAL,KH,CAD,SWIFT,
COMPANY,KH,CAD,SWIFT,
PERSONAL,LB,HKD,SWIFT,
COMPANY,LB,HKD,SWIFT,
PERSONAL,MV,SGD,SWIFT,
COMPANY,MV,SGD,SWIFT,
PERSONAL,NP,CAD,SWIFT,
COMPANY,NP,CAD,SWIFT,
PERSONAL,PF,HKD,SWIFT,
COMPANY,PF,HKD,SWIFT,
PERSONAL,PT,EUR,LOCAL SWIFT,
COMPANY,PT,EUR,LOCAL SWIFT,
PERSONAL,SE,SGD,SWIFT,
COMPANY,SE,SGD,SWIFT,
PERSONAL,SK,GBP,SWIFT,
COMPANY,SK,GBP,SWIFT,
PERSONAL,UA,CNY,SWIFT,
COMPANY,UA,CNY,SWIFT,
PERSONAL,UY,JPY,SWIFT,
COMPANY,UY,JPY,SWIFT,
PERSONAL,VU,CAD,SWIFT,
COMPANY,VU,CAD,SWIFT,
PERSONAL,VU,HKD,SWIFT,
COMPANY,VU,HKD,SWIFT,
PERSONAL,VU,USD,SWIFT,
COMPANY,VU,USD,SWIFT,
PERSONAL,ZM,HKD,SWIFT,
COMPANY,ZM,HKD,SWIFT,
PERSONAL,AD,CNY,SWIFT,
COMPANY,AD,CNY,SWIFT,
PERSONAL,AW,THB,SWIFT,
COMPANY,AW,THB,SWIFT,
PERSONAL,AZ,JPY,SWIFT,
COMPANY,AZ,JPY,SWIFT,
PERSONAL,AZ,CHF,SWIFT,
COMPANY,AZ,CHF,SWIFT,
PERSONAL,BH,JPY,SWIFT,
COMPANY,BH,JPY,SWIFT,
PERSONAL,CO,AUD,SWIFT,
COMPANY,CO,AUD,SWIFT,
PERSONAL,CO,EUR,SWIFT,
COMPANY,CO,EUR,SWIFT,
PERSONAL,CO,NZD,SWIFT,
COMPANY,CO,NZD,SWIFT,
PERSONAL,EC,GBP,SWIFT,
COMPANY,EC,GBP,SWIFT,
PERSONAL,EC,NZD,SWIFT,
COMPANY,EC,NZD,SWIFT,
PERSONAL,EC,USD,SWIFT,
COMPANY,EC,USD,SWIFT,
PERSONAL,EE,AUD,SWIFT,
COMPANY,EE,AUD,SWIFT,
PERSONAL,EG,GBP,SWIFT,
COMPANY,EG,GBP,SWIFT,
PERSONAL,FJ,USD,SWIFT,
COMPANY,FJ,USD,SWIFT,
PERSONAL,FR,CAD,SWIFT,
COMPANY,FR,CAD,SWIFT,
PERSONAL,FR,USD,SWIFT,
COMPANY,FR,USD,SWIFT,
PERSONAL,GQ,HKD,SWIFT,
COMPANY,GQ,HKD,SWIFT,
PERSONAL,GQ,SGD,SWIFT,
COMPANY,GQ,SGD,SWIFT,
PERSONAL,ID,CNY,SWIFT,
COMPANY,ID,CNY,SWIFT,
PERSONAL,KE,AUD,SWIFT,
COMPANY,KE,AUD,SWIFT,
PERSONAL,KR,EUR,SWIFT,
COMPANY,KR,EUR,SWIFT,
PERSONAL,KR,CHF,SWIFT,
COMPANY,KR,CHF,SWIFT,
PERSONAL,LI,CHF,SWIFT,
COMPANY,LI,CHF,SWIFT,
PERSONAL,LK,GBP,SWIFT,
COMPANY,LK,GBP,SWIFT,
PERSONAL,LK,SGD,SWIFT,
COMPANY,LK,SGD,SWIFT,
PERSONAL,LU,CHF,SWIFT,
COMPANY,LU,CHF,SWIFT,
PERSONAL,MA,EUR,SWIFT,
COMPANY,MA,EUR,SWIFT,
PERSONAL,MQ,USD,SWIFT,
COMPANY,MQ,USD,SWIFT,
PERSONAL,NI,CNY,SWIFT,
COMPANY,NI,CNY,SWIFT,
PERSONAL,PL,AUD,SWIFT,
COMPANY,PL,AUD,SWIFT,
PERSONAL,PL,NZD,SWIFT,
COMPANY,PL,NZD,SWIFT,
PERSONAL,QA,GBP,SWIFT,
COMPANY,QA,GBP,SWIFT,
PERSONAL,SE,THB,SWIFT,
COMPANY,SE,THB,SWIFT,
PERSONAL,SI,CAD,SWIFT,
COMPANY,SI,CAD,SWIFT,
PERSONAL,SV,SGD,SWIFT,
COMPANY,SV,SGD,SWIFT,
PERSONAL,TJ,CHF,SWIFT,
COMPANY,TJ,CHF,SWIFT,
PERSONAL,TR,USD,SWIFT,
COMPANY,TR,USD,SWIFT,
PERSONAL,TW,JPY,SWIFT,
COMPANY,TW,JPY,SWIFT,
PERSONAL,US,GBP,SWIFT,
COMPANY,US,GBP,SWIFT,
PERSONAL,UY,HKD,SWIFT,
COMPANY,UY,HKD,SWIFT,
PERSONAL,UY,USD,SWIFT,
COMPANY,UY,USD,SWIFT,
PERSONAL,ZA,CHF,SWIFT,
COMPANY,ZA,CHF,SWIFT,
PERSONAL,AE,HKD,SWIFT,
COMPANY,AE,HKD,SWIFT,
PERSONAL,AG,JPY,SWIFT,
COMPANY,AG,JPY,SWIFT,
PERSONAL,AR,THB,SWIFT,
COMPANY,AR,THB,SWIFT,
PERSONAL,AT,CAD,SWIFT,
COMPANY,AT,CAD,SWIFT,
PERSONAL,AW,EUR,SWIFT,
COMPANY,AW,EUR,SWIFT,
PERSONAL,AZ,USD,SWIFT,
COMPANY,AZ,USD,SWIFT,
PERSONAL,BA,EUR,SWIFT,
COMPANY,BA,EUR,SWIFT,
PERSONAL,BZ,SGD,SWIFT,
COMPANY,BZ,SGD,SWIFT,
PERSONAL,CO,GBP,SWIFT,
COMPANY,CO,GBP,SWIFT,
PERSONAL,CO,THB,SWIFT,
COMPANY,CO,THB,SWIFT,
PERSONAL,CR,CAD,SWIFT,
COMPANY,CR,CAD,SWIFT,
PERSONAL,FJ,JPY,SWIFT,
COMPANY,FJ,JPY,SWIFT,
PERSONAL,FJ,SGD,SWIFT,
COMPANY,FJ,SGD,SWIFT,
PERSONAL,GB,AUD,SWIFT,
COMPANY,GB,AUD,SWIFT,
PERSONAL,ID,CHF,SWIFT,
COMPANY,ID,CHF,SWIFT,
PERSONAL,IE,GBP,SWIFT,
COMPANY,IE,GBP,SWIFT,
PERSONAL,IE,SGD,SWIFT,
COMPANY,IE,SGD,SWIFT,
PERSONAL,KZ,JPY,SWIFT,
COMPANY,KZ,JPY,SWIFT,
PERSONAL,MC,NZD,SWIFT,
COMPANY,MC,NZD,SWIFT,
PERSONAL,MD,EUR,SWIFT,
COMPANY,MD,EUR,SWIFT,
PERSONAL,NZ,CHF,SWIFT,
COMPANY,NZ,CHF,SWIFT,
PERSONAL,PF,USD,SWIFT,
COMPANY,PF,USD,SWIFT,
PERSONAL,PY,CHF,SWIFT,
COMPANY,PY,CHF,SWIFT,
PERSONAL,QA,HKD,SWIFT,
COMPANY,QA,HKD,SWIFT,
PERSONAL,RS,NZD,SWIFT,
COMPANY,RS,NZD,SWIFT,
PERSONAL,RU,EUR,SWIFT,
COMPANY,RU,EUR,SWIFT,
PERSONAL,SC,CNY,SWIFT,
COMPANY,SC,CNY,SWIFT,
PERSONAL,TR,CAD,SWIFT,
COMPANY,TR,CAD,SWIFT,
PERSONAL,VN,AUD,SWIFT,
COMPANY,VN,AUD,SWIFT,
PERSONAL,VN,NZD,SWIFT,
COMPANY,VN,NZD,SWIFT,
PERSONAL,YT,CHF,SWIFT,
COMPANY,YT,CHF,SWIFT,
PERSONAL,ZM,NZD,SWIFT,
COMPANY,ZM,NZD,SWIFT,
PERSONAL,AE,SGD,SWIFT,
COMPANY,AE,SGD,SWIFT,
PERSONAL,AI,SGD,SWIFT,
COMPANY,AI,SGD,SWIFT,
PERSONAL,BG,CNY,SWIFT,
COMPANY,BG,CNY,SWIFT,
PERSONAL,BR,AUD,SWIFT,
COMPANY,BR,AUD,SWIFT,
PERSONAL,CH,SGD,SWIFT,
COMPANY,CH,SGD,SWIFT,
PERSONAL,CN,CNY,LOCAL SWIFT,
COMPANY,CN,CNY,SWIFT,
PERSONAL,DZ,SGD,SWIFT,
COMPANY,DZ,SGD,SWIFT,
PERSONAL,EE,THB,SWIFT,
COMPANY,EE,THB,SWIFT,
PERSONAL,EG,CAD,SWIFT,
COMPANY,EG,CAD,SWIFT,
PERSONAL,GD,AUD,SWIFT,
COMPANY,GD,AUD,SWIFT,
PERSONAL,GI,SGD,SWIFT,
COMPANY,GI,SGD,SWIFT,
PERSONAL,HN,GBP,SWIFT,
COMPANY,HN,GBP,SWIFT,
PERSONAL,IS,JPY,SWIFT,
COMPANY,IS,JPY,SWIFT,
PERSONAL,LB,USD,SWIFT,
COMPANY,LB,USD,SWIFT,
PERSONAL,LT,AUD,SWIFT,
COMPANY,LT,AUD,SWIFT,
PERSONAL,MK,NZD,SWIFT,
COMPANY,MK,NZD,SWIFT,
PERSONAL,MO,AUD,SWIFT,
COMPANY,MO,AUD,SWIFT,
PERSONAL,NA,AUD,SWIFT,
COMPANY,NA,AUD,SWIFT,
PERSONAL,NG,AUD,SWIFT,
COMPANY,NG,AUD,SWIFT,
PERSONAL,NG,USD,SWIFT,
COMPANY,NG,USD,SWIFT,
PERSONAL,NI,CAD,SWIFT,
COMPANY,NI,CAD,SWIFT,
PERSONAL,NL,HKD,SWIFT,
COMPANY,NL,HKD,SWIFT,
PERSONAL,NL,USD,SWIFT,
COMPANY,NL,USD,SWIFT,
PERSONAL,NO,GBP,SWIFT,
COMPANY,NO,GBP,SWIFT,
PERSONAL,NZ,CNY,SWIFT,
COMPANY,NZ,CNY,SWIFT,
PERSONAL,PF,JPY,SWIFT,
COMPANY,PF,JPY,SWIFT,
PERSONAL,PK,AUD,SWIFT,
COMPANY,PK,AUD,SWIFT,
PERSONAL,SC,EUR,SWIFT,
COMPANY,SC,EUR,SWIFT,
PERSONAL,SG,CNY,SWIFT,
COMPANY,SG,CNY,SWIFT,
PERSONAL,SI,GBP,SWIFT,
COMPANY,SI,GBP,SWIFT,
PERSONAL,SM,HKD,SWIFT,
COMPANY,SM,HKD,SWIFT,
PERSONAL,SV,EUR,SWIFT,
COMPANY,SV,EUR,SWIFT,
PERSONAL,TH,GBP,SWIFT,
COMPANY,TH,GBP,SWIFT,
PERSONAL,TJ,NZD,SWIFT,
COMPANY,TJ,NZD,SWIFT,
PERSONAL,TN,SGD,SWIFT,
COMPANY,TN,SGD,SWIFT,
PERSONAL,TR,CNY,SWIFT,
COMPANY,TR,CNY,SWIFT,
PERSONAL,TZ,CNY,SWIFT,
COMPANY,TZ,CNY,SWIFT,
PERSONAL,UZ,USD,SWIFT,
COMPANY,UZ,USD,SWIFT,
PERSONAL,VN,CNY,SWIFT,
COMPANY,VN,CNY,SWIFT,
PERSONAL,AI,CNY,SWIFT,
COMPANY,AI,CNY,SWIFT,
PERSONAL,AI,CHF,SWIFT,
COMPANY,AI,CHF,SWIFT,
PERSONAL,AL,JPY,SWIFT,
COMPANY,AL,JPY,SWIFT,
PERSONAL,AM,NZD,SWIFT,
COMPANY,AM,NZD,SWIFT,
PERSONAL,AN,HKD,SWIFT,
COMPANY,AN,HKD,SWIFT,
PERSONAL,AN,USD,SWIFT,
COMPANY,AN,USD,SWIFT,
PERSONAL,AO,JPY,SWIFT,
COMPANY,AO,JPY,SWIFT,
PERSONAL,BR,EUR,SWIFT,
COMPANY,BR,EUR,SWIFT,
PERSONAL,BR,THB,SWIFT,
COMPANY,BR,THB,SWIFT,
PERSONAL,CA,SGD,SWIFT,
COMPANY,CA,SGD,SWIFT,
PERSONAL,CL,GBP,SWIFT,
COMPANY,CL,GBP,SWIFT,
PERSONAL,CL,JPY,SWIFT,
COMPANY,CL,JPY,SWIFT,
PERSONAL,CL,CHF,SWIFT,
COMPANY,CL,CHF,SWIFT,
PERSONAL,CN,EUR,SWIFT,
COMPANY,CN,EUR,SWIFT,
PERSONAL,CR,EUR,SWIFT,
COMPANY,CR,EUR,SWIFT,
PERSONAL,DO,CHF,SWIFT,
COMPANY,DO,CHF,SWIFT,
PERSONAL,EE,CNY,SWIFT,
COMPANY,EE,CNY,SWIFT,
PERSONAL,EE,NZD,SWIFT,
COMPANY,EE,NZD,SWIFT,
PERSONAL,FI,USD,SWIFT,
COMPANY,FI,USD,SWIFT,
PERSONAL,IT,SGD,SWIFT,
COMPANY,IT,SGD,SWIFT,
PERSONAL,KW,GBP,SWIFT,
COMPANY,KW,GBP,SWIFT,
PERSONAL,LK,EUR,SWIFT,
COMPANY,LK,EUR,SWIFT,
PERSONAL,MQ,AUD,SWIFT,
COMPANY,MQ,AUD,SWIFT,
PERSONAL,NI,USD,SWIFT,
COMPANY,NI,USD,SWIFT,
PERSONAL,NL,CAD,SWIFT,
COMPANY,NL,CAD,SWIFT,
PERSONAL,RO,SGD,SWIFT,
COMPANY,RO,SGD,SWIFT,
PERSONAL,RS,AUD,SWIFT,
COMPANY,RS,AUD,SWIFT,
PERSONAL,SI,CHF,SWIFT,
COMPANY,SI,CHF,SWIFT,
PERSONAL,SK,AUD,SWIFT,
COMPANY,SK,AUD,SWIFT,
PERSONAL,TH,CNY,SWIFT,
COMPANY,TH,CNY,SWIFT,
PERSONAL,AD,USD,SWIFT,
COMPANY,AD,USD,SWIFT,
PERSONAL,AO,EUR,SWIFT,
COMPANY,AO,EUR,SWIFT,
PERSONAL,CH,NZD,SWIFT,
COMPANY,CH,NZD,SWIFT,
PERSONAL,CH,CHF,SWIFT,
COMPANY,CH,CHF,SWIFT,
PERSONAL,DO,EUR,SWIFT,
COMPANY,DO,EUR,SWIFT,
PERSONAL,FJ,CHF,SWIFT,
COMPANY,FJ,CHF,SWIFT,
PERSONAL,FR,GBP,SWIFT,
COMPANY,FR,GBP,SWIFT,
PERSONAL,FR,JPY,SWIFT,
COMPANY,FR,JPY,SWIFT,
PERSONAL,GE,JPY,SWIFT,
COMPANY,GE,JPY,SWIFT,
PERSONAL,GE,CHF,SWIFT,
COMPANY,GE,CHF,SWIFT,
PERSONAL,GI,HKD,SWIFT,
COMPANY,GI,HKD,SWIFT,
PERSONAL,GQ,CNY,SWIFT,
COMPANY,GQ,CNY,SWIFT,
PERSONAL,HR,THB,SWIFT,
COMPANY,HR,THB,SWIFT,
PERSONAL,IT,NZD,SWIFT,
COMPANY,IT,NZD,SWIFT,
PERSONAL,JE,CHF,SWIFT,
COMPANY,JE,CHF,SWIFT,
PERSONAL,JO,THB,SWIFT,
COMPANY,JO,THB,SWIFT,
PERSONAL,LU,USD,SWIFT,
COMPANY,LU,USD,SWIFT,
PERSONAL,MC,THB,SWIFT,
COMPANY,MC,THB,SWIFT,
PERSONAL,MQ,GBP,SWIFT,
COMPANY,MQ,GBP,SWIFT,
PERSONAL,MY,AUD,SWIFT,
COMPANY,MY,AUD,SWIFT,
PERSONAL,NA,JPY,SWIFT,
COMPANY,NA,JPY,SWIFT,
PERSONAL,OM,SGD,SWIFT,
COMPANY,OM,SGD,SWIFT,
PERSONAL,PA,THB,SWIFT,
COMPANY,PA,THB,SWIFT,
PERSONAL,PE,AUD,SWIFT,
COMPANY,PE,AUD,SWIFT,
PERSONAL,PK,CNY,SWIFT,
COMPANY,PK,CNY,SWIFT,
PERSONAL,PM,CNY,SWIFT,
COMPANY,PM,CNY,SWIFT,
PERSONAL,PR,GBP,SWIFT,
COMPANY,PR,GBP,SWIFT,
PERSONAL,RO,USD,SWIFT,
COMPANY,RO,USD,SWIFT,
PERSONAL,TZ,CHF,SWIFT,
COMPANY,TZ,CHF,SWIFT,
PERSONAL,TW,CHF,SWIFT,
COMPANY,TW,CHF,SWIFT,
PERSONAL,UA,EUR,SWIFT,
COMPANY,UA,EUR,SWIFT,
PERSONAL,UG,AUD,SWIFT,
COMPANY,UG,AUD,SWIFT,
PERSONAL,UG,JPY,SWIFT,
COMPANY,UG,JPY,SWIFT,
PERSONAL,US,HKD,SWIFT,
COMPANY,US,HKD,SWIFT,
PERSONAL,UZ,NZD,SWIFT,
COMPANY,UZ,NZD,SWIFT,
PERSONAL,VN,CHF,SWIFT,
COMPANY,VN,CHF,SWIFT,
PERSONAL,YT,GBP,SWIFT,
COMPANY,YT,GBP,SWIFT,
PERSONAL,AU,EUR,SWIFT,
COMPANY,AU,EUR,SWIFT,
PERSONAL,AZ,HKD,SWIFT,
COMPANY,AZ,HKD,SWIFT,
PERSONAL,AZ,NZD,SWIFT,
COMPANY,AZ,NZD,SWIFT,
PERSONAL,BZ,JPY,SWIFT,
COMPANY,BZ,JPY,SWIFT,
PERSONAL,CN,CHF,SWIFT,
COMPANY,CN,CHF,SWIFT,
PERSONAL,CR,GBP,SWIFT,
COMPANY,CR,GBP,SWIFT,
PERSONAL,CR,NZD,SWIFT,
COMPANY,CR,NZD,SWIFT,
PERSONAL,CW,GBP,SWIFT,
COMPANY,CW,GBP,SWIFT,
PERSONAL,CZ,AUD,SWIFT,
COMPANY,CZ,AUD,SWIFT,
PERSONAL,CZ,THB,SWIFT,
COMPANY,CZ,THB,SWIFT,
PERSONAL,DK,CNY,SWIFT,
COMPANY,DK,CNY,SWIFT,
PERSONAL,GD,EUR,SWIFT,
COMPANY,GD,EUR,SWIFT,
PERSONAL,GD,CHF,SWIFT,
COMPANY,GD,CHF,SWIFT,
PERSONAL,GE,CNY,SWIFT,
COMPANY,GE,CNY,SWIFT,
PERSONAL,GE,HKD,SWIFT,
COMPANY,GE,HKD,SWIFT,
PERSONAL,GG,AUD,SWIFT,
COMPANY,GG,AUD,SWIFT,
PERSONAL,IM,CAD,SWIFT,
COMPANY,IM,CAD,SWIFT,
PERSONAL,IN,AUD,SWIFT,
COMPANY,IN,AUD,SWIFT,
PERSONAL,IN,USD,SWIFT,
COMPANY,IN,USD,SWIFT,
PERSONAL,JO,EUR,SWIFT,
COMPANY,JO,EUR,SWIFT,
PERSONAL,LB,JPY,SWIFT,
COMPANY,LB,JPY,SWIFT,
PERSONAL,ME,HKD,SWIFT,
COMPANY,ME,HKD,SWIFT,
PERSONAL,MT,HKD,SWIFT,
COMPANY,MT,HKD,SWIFT,
PERSONAL,MU,GBP,SWIFT,
COMPANY,MU,GBP,SWIFT,
PERSONAL,MV,EUR,SWIFT,
COMPANY,MV,EUR,SWIFT,
PERSONAL,MX,CAD,SWIFT,
COMPANY,MX,CAD,SWIFT,
PERSONAL,OM,AUD,SWIFT,
COMPANY,OM,AUD,SWIFT,
PERSONAL,OM,CHF,SWIFT,
COMPANY,OM,CHF,SWIFT,
PERSONAL,PA,GBP,SWIFT,
COMPANY,PA,GBP,SWIFT,
PERSONAL,PA,NZD,SWIFT,
COMPANY,PA,NZD,SWIFT,
PERSONAL,PR,CNY,SWIFT,
COMPANY,PR,CNY,SWIFT,
PERSONAL,QA,AUD,SWIFT,
COMPANY,QA,AUD,SWIFT,
PERSONAL,UG,SGD,SWIFT,
COMPANY,UG,SGD,SWIFT,
PERSONAL,UZ,AUD,SWIFT,
COMPANY,UZ,AUD,SWIFT,
PERSONAL,AE,GBP,SWIFT,
COMPANY,AE,GBP,SWIFT,
PERSONAL,AM,THB,SWIFT,
COMPANY,AM,THB,SWIFT,
PERSONAL,AR,NZD,SWIFT,
COMPANY,AR,NZD,SWIFT,
PERSONAL,BA,JPY,SWIFT,
COMPANY,BA,JPY,SWIFT,
PERSONAL,BD,GBP,SWIFT,
COMPANY,BD,GBP,SWIFT,
PERSONAL,CA,CAD,LOCAL SWIFT,
COMPANY,CA,CAD,LOCAL SWIFT,
PERSONAL,CA,HKD,SWIFT,
COMPANY,CA,HKD,SWIFT,
PERSONAL,CY,THB,SWIFT,
COMPANY,CY,THB,SWIFT,
PERSONAL,CZ,CAD,SWIFT,
COMPANY,CZ,CAD,SWIFT,
PERSONAL,EC,CAD,SWIFT,
COMPANY,EC,CAD,SWIFT,
PERSONAL,EE,JPY,SWIFT,
COMPANY,EE,JPY,SWIFT,
PERSONAL,ES,CNY,SWIFT,
COMPANY,ES,CNY,SWIFT,
PERSONAL,FR,EUR,LOCAL SWIFT,
COMPANY,FR,EUR,LOCAL SWIFT,
PERSONAL,GB,CNY,SWIFT,
COMPANY,GB,CNY,SWIFT,
PERSONAL,GG,SGD,SWIFT,
COMPANY,GG,SGD,SWIFT,
PERSONAL,HN,AUD,SWIFT,
COMPANY,HN,AUD,SWIFT,
PERSONAL,HN,HKD,SWIFT,
COMPANY,HN,HKD,SWIFT,
PERSONAL,JE,CAD,SWIFT,
COMPANY,JE,CAD,SWIFT,
PERSONAL,JO,JPY,SWIFT,
COMPANY,JO,JPY,SWIFT,
PERSONAL,KE,HKD,SWIFT,
COMPANY,KE,HKD,SWIFT,
PERSONAL,KE,SGD,SWIFT,
COMPANY,KE,SGD,SWIFT,
PERSONAL,KG,NZD,SWIFT,
COMPANY,KG,NZD,SWIFT,
PERSONAL,KG,CHF,SWIFT,
COMPANY,KG,CHF,SWIFT,
PERSONAL,KH,SGD,SWIFT,
COMPANY,KH,SGD,SWIFT,
PERSONAL,KH,CHF,SWIFT,
COMPANY,KH,CHF,SWIFT,
PERSONAL,LB,EUR,SWIFT,
COMPANY,LB,EUR,SWIFT,
PERSONAL,LI,NZD,SWIFT,
COMPANY,LI,NZD,SWIFT,
PERSONAL,MC,GBP,SWIFT,
COMPANY,MC,GBP,SWIFT,
PERSONAL,MQ,SGD,SWIFT,
COMPANY,MQ,SGD,SWIFT,
PERSONAL,MU,HKD,SWIFT,
COMPANY,MU,HKD,SWIFT,
PERSONAL,NP,HKD,SWIFT,
COMPANY,NP,HKD,SWIFT,
PERSONAL,PY,NZD,SWIFT,
COMPANY,PY,NZD,SWIFT,
PERSONAL,SM,JPY,SWIFT,
COMPANY,SM,JPY,SWIFT,
PERSONAL,UZ,SGD,SWIFT,
COMPANY,UZ,SGD,SWIFT,
PERSONAL,AD,THB,SWIFT,
COMPANY,AD,THB,SWIFT,
PERSONAL,AL,USD,SWIFT,
COMPANY,AL,USD,SWIFT,
PERSONAL,CA,EUR,SWIFT,
COMPANY,CA,EUR,SWIFT,
PERSONAL,CZ,USD,SWIFT,
COMPANY,CZ,USD,SWIFT,
PERSONAL,DK,JPY,SWIFT,
COMPANY,DK,JPY,SWIFT,
PERSONAL,DM,NZD,SWIFT,
COMPANY,DM,NZD,SWIFT,
PERSONAL,DO,SGD,SWIFT,
COMPANY,DO,SGD,SWIFT,
PERSONAL,FJ,EUR,SWIFT,
COMPANY,FJ,EUR,SWIFT,
PERSONAL,FR,THB,SWIFT,
COMPANY,FR,THB,SWIFT,
PERSONAL,GQ,THB,SWIFT,
COMPANY,GQ,THB,SWIFT,
PERSONAL,GT,CAD,SWIFT,
COMPANY,GT,CAD,SWIFT,
PERSONAL,HN,JPY,SWIFT,
COMPANY,HN,JPY,SWIFT,
PERSONAL,HR,CNY,SWIFT,
COMPANY,HR,CNY,SWIFT,
PERSONAL,IT,CNY,SWIFT,
COMPANY,IT,CNY,SWIFT,
PERSONAL,JE,GBP,SWIFT,
COMPANY,JE,GBP,SWIFT,
PERSONAL,JO,HKD,SWIFT,
COMPANY,JO,HKD,SWIFT,
PERSONAL,KZ,AUD,SWIFT,
COMPANY,KZ,AUD,SWIFT,
PERSONAL,KZ,GBP,SWIFT,
COMPANY,KZ,GBP,SWIFT,
PERSONAL,KZ,THB,SWIFT,
COMPANY,KZ,THB,SWIFT,
PERSONAL,LT,USD,SWIFT,
COMPANY,LT,USD,SWIFT,
PERSONAL,MK,GBP,SWIFT,
COMPANY,MK,GBP,SWIFT,
PERSONAL,MO,EUR,SWIFT,
COMPANY,MO,EUR,SWIFT,
PERSONAL,MO,NZD,SWIFT,
COMPANY,MO,NZD,SWIFT,
PERSONAL,MU,EUR,SWIFT,
COMPANY,MU,EUR,SWIFT,
PERSONAL,MV,CHF,SWIFT,
COMPANY,MV,CHF,SWIFT,
PERSONAL,NG,THB,SWIFT,
COMPANY,NG,THB,SWIFT,
PERSONAL,PA,CHF,SWIFT,
COMPANY,PA,CHF,SWIFT,
PERSONAL,PH,SGD,SWIFT,
COMPANY,PH,SGD,SWIFT,
PERSONAL,SE,AUD,SWIFT,
COMPANY,SE,AUD,SWIFT,
PERSONAL,SK,CHF,SWIFT,
COMPANY,SK,CHF,SWIFT,
PERSONAL,SM,USD,SWIFT,
COMPANY,SM,USD,SWIFT,
PERSONAL,SV,GBP,SWIFT,
COMPANY,SV,GBP,SWIFT,
PERSONAL,TH,SGD,SWIFT,
COMPANY,TH,SGD,SWIFT,
PERSONAL,TJ,GBP,SWIFT,
COMPANY,TJ,GBP,SWIFT,
PERSONAL,TR,EUR,SWIFT,
COMPANY,TR,EUR,SWIFT,
PERSONAL,TZ,USD,SWIFT,
COMPANY,TZ,USD,SWIFT,
PERSONAL,AD,AUD,SWIFT,
COMPANY,AD,AUD,SWIFT,
PERSONAL,AR,GBP,SWIFT,
COMPANY,AR,GBP,SWIFT,
PERSONAL,DE,HKD,SWIFT,
COMPANY,DE,HKD,SWIFT,
PERSONAL,DK,THB,SWIFT,
COMPANY,DK,THB,SWIFT,
PERSONAL,DO,GBP,SWIFT,
COMPANY,DO,GBP,SWIFT,
PERSONAL,DZ,AUD,SWIFT,
COMPANY,DZ,AUD,SWIFT,
PERSONAL,EC,AUD,SWIFT,
COMPANY,EC,AUD,SWIFT,
PERSONAL,FJ,AUD,SWIFT,
COMPANY,FJ,AUD,SWIFT,
PERSONAL,GG,NZD,SWIFT,
COMPANY,GG,NZD,SWIFT,
PERSONAL,GT,USD,SWIFT,
COMPANY,GT,USD,SWIFT,
PERSONAL,HU,AUD,SWIFT,
COMPANY,HU,AUD,SWIFT,
PERSONAL,ID,AUD,SWIFT,
COMPANY,ID,AUD,SWIFT,
PERSONAL,IN,THB,SWIFT,
COMPANY,IN,THB,SWIFT,
PERSONAL,IS,CHF,SWIFT,
COMPANY,IS,CHF,SWIFT,
PERSONAL,JP,NZD,SWIFT,
COMPANY,JP,NZD,SWIFT,
PERSONAL,KZ,CHF,SWIFT,
COMPANY,KZ,CHF,SWIFT,
PERSONAL,LT,CHF,SWIFT,
COMPANY,LT,CHF,SWIFT,
PERSONAL,MO,CHF,SWIFT,
COMPANY,MO,CHF,SWIFT,
PERSONAL,MQ,CAD,SWIFT,
COMPANY,MQ,CAD,SWIFT,
PERSONAL,MQ,CHF,SWIFT,
COMPANY,MQ,CHF,SWIFT,
PERSONAL,MU,NZD,SWIFT,
COMPANY,MU,NZD,SWIFT,
PERSONAL,PH,USD,LOCAL SWIFT,
COMPANY,PH,USD,LOCAL SWIFT,
PERSONAL,QA,CAD,SWIFT,
COMPANY,QA,CAD,SWIFT,
PERSONAL,SG,NZD,SWIFT,
COMPANY,SG,NZD,SWIFT,
PERSONAL,SM,CAD,SWIFT,
COMPANY,SM,CAD,SWIFT,
PERSONAL,TN,EUR,SWIFT,
COMPANY,TN,EUR,SWIFT,
PERSONAL,TZ,CAD,SWIFT,
COMPANY,TZ,CAD,SWIFT,
PERSONAL,VU,EUR,SWIFT,
COMPANY,VU,EUR,SWIFT,
PERSONAL,AG,AUD,SWIFT,
COMPANY,AG,AUD,SWIFT,
PERSONAL,AI,AUD,SWIFT,
COMPANY,AI,AUD,SWIFT,
PERSONAL,AL,HKD,SWIFT,
COMPANY,AL,HKD,SWIFT,
PERSONAL,AN,CAD,SWIFT,
COMPANY,AN,CAD,SWIFT,
PERSONAL,CN,CAD,SWIFT,
COMPANY,CN,CAD,SWIFT,
PERSONAL,CW,CNY,SWIFT,
COMPANY,CW,CNY,SWIFT,
PERSONAL,DM,JPY,SWIFT,
COMPANY,DM,JPY,SWIFT,
PERSONAL,DM,USD,SWIFT,
COMPANY,DM,USD,SWIFT,
PERSONAL,DO,HKD,SWIFT,
COMPANY,DO,HKD,SWIFT,
PERSONAL,EG,NZD,SWIFT,
COMPANY,EG,NZD,SWIFT,
PERSONAL,GT,EUR,SWIFT,
COMPANY,GT,EUR,SWIFT,
PERSONAL,HK,THB,SWIFT,
COMPANY,HK,THB,SWIFT,
PERSONAL,IE,CNY,SWIFT,
COMPANY,IE,CNY,SWIFT,
PERSONAL,IL,AUD,SWIFT,
COMPANY,IL,AUD,SWIFT,
PERSONAL,IM,HKD,SWIFT,
COMPANY,IM,HKD,SWIFT,
PERSONAL,IN,CHF,SWIFT,
COMPANY,IN,CHF,SWIFT,
PERSONAL,LB,CHF,SWIFT,
COMPANY,LB,CHF,SWIFT,
PERSONAL,LV,CNY,SWIFT,
COMPANY,LV,CNY,SWIFT,
PERSONAL,MY,CAD,SWIFT,
COMPANY,MY,CAD,SWIFT,
PERSONAL,NG,SGD,SWIFT,
COMPANY,NG,SGD,SWIFT,
PERSONAL,PE,CNY,SWIFT,
COMPANY,PE,CNY,SWIFT,
PERSONAL,PF,CNY,SWIFT,
COMPANY,PF,CNY,SWIFT,
PERSONAL,QA,CHF,SWIFT,
COMPANY,QA,CHF,SWIFT,
PERSONAL,RS,CAD,SWIFT,
COMPANY,RS,CAD,SWIFT,
PERSONAL,SV,NZD,SWIFT,
COMPANY,SV,NZD,SWIFT,
PERSONAL,TZ,AUD,SWIFT,
COMPANY,TZ,AUD,SWIFT,
PERSONAL,UY,AUD,SWIFT,
COMPANY,UY,AUD,SWIFT,
PERSONAL,UY,CNY,SWIFT,
COMPANY,UY,CNY,SWIFT,
PERSONAL,ZA,GBP,SWIFT,
COMPANY,ZA,GBP,SWIFT,
PERSONAL,ZA,THB,SWIFT,
COMPANY,ZA,THB,SWIFT,
PERSONAL,AN,CHF,SWIFT,
COMPANY,AN,CHF,SWIFT,
PERSONAL,AO,NZD,SWIFT,
COMPANY,AO,NZD,SWIFT,
PERSONAL,AO,CHF,SWIFT,
COMPANY,AO,CHF,SWIFT,
PERSONAL,BG,HKD,SWIFT,
COMPANY,BG,HKD,SWIFT,
PERSONAL,CL,HKD,SWIFT,
COMPANY,CL,HKD,SWIFT,
PERSONAL,CL,SGD,SWIFT,
COMPANY,CL,SGD,SWIFT,
PERSONAL,GG,EUR,SWIFT,
COMPANY,GG,EUR,SWIFT,
PERSONAL,JM,HKD,SWIFT,
COMPANY,JM,HKD,SWIFT,
PERSONAL,MO,SGD,SWIFT,
COMPANY,MO,SGD,SWIFT,
PERSONAL,MV,CAD,SWIFT,
COMPANY,MV,CAD,SWIFT,
PERSONAL,MY,HKD,SWIFT,
COMPANY,MY,HKD,SWIFT,
PERSONAL,SA,GBP,SWIFT,
COMPANY,SA,GBP,SWIFT,
PERSONAL,SV,CAD,SWIFT,
COMPANY,SV,CAD,SWIFT,
PERSONAL,SV,HKD,SWIFT,
COMPANY,SV,HKD,SWIFT,
PERSONAL,TH,EUR,SWIFT,
COMPANY,TH,EUR,SWIFT,
PERSONAL,TH,JPY,SWIFT,
COMPANY,TH,JPY,SWIFT,
PERSONAL,TH,CHF,SWIFT,
COMPANY,TH,CHF,SWIFT,
PERSONAL,TZ,EUR,SWIFT,
COMPANY,TZ,EUR,SWIFT,
PERSONAL,TZ,SGD,SWIFT,
COMPANY,TZ,SGD,SWIFT,
PERSONAL,UZ,EUR,SWIFT,
COMPANY,UZ,EUR,SWIFT,
PERSONAL,YT,THB,SWIFT,
COMPANY,YT,THB,SWIFT,
PERSONAL,ZA,USD,SWIFT,
COMPANY,ZA,USD,SWIFT,
PERSONAL,AI,EUR,SWIFT,
COMPANY,AI,EUR,SWIFT,
PERSONAL,AI,NZD,SWIFT,
COMPANY,AI,NZD,SWIFT,
PERSONAL,AO,CNY,SWIFT,
COMPANY,AO,CNY,SWIFT,
PERSONAL,AW,GBP,SWIFT,
COMPANY,AW,GBP,SWIFT,
PERSONAL,BD,EUR,SWIFT,
COMPANY,BD,EUR,SWIFT,
PERSONAL,BE,HKD,SWIFT,
COMPANY,BE,HKD,SWIFT,
PERSONAL,BE,THB,SWIFT,
COMPANY,BE,THB,SWIFT,
PERSONAL,BH,GBP,SWIFT,
COMPANY,BH,GBP,SWIFT,
PERSONAL,BH,CHF,SWIFT,
COMPANY,BH,CHF,SWIFT,
PERSONAL,BR,CNY,SWIFT,
COMPANY,BR,CNY,SWIFT,
PERSONAL,CW,THB,SWIFT,
COMPANY,CW,THB,SWIFT,
PERSONAL,CZ,EUR,LOCAL SWIFT,
COMPANY,CZ,EUR,LOCAL SWIFT,
PERSONAL,GI,GBP,SWIFT,
COMPANY,GI,GBP,SWIFT,
PERSONAL,GR,CAD,SWIFT,
COMPANY,GR,CAD,SWIFT,
PERSONAL,JP,CAD,SWIFT,
COMPANY,JP,CAD,SWIFT,
PERSONAL,KE,JPY,SWIFT,
COMPANY,KE,JPY,SWIFT,
PERSONAL,KZ,HKD,SWIFT,
COMPANY,KZ,HKD,SWIFT,
PERSONAL,KW,NZD,SWIFT,
COMPANY,KW,NZD,SWIFT,
PERSONAL,LV,HKD,SWIFT,
COMPANY,LV,HKD,SWIFT,
PERSONAL,MA,HKD,SWIFT,
COMPANY,MA,HKD,SWIFT,
PERSONAL,MA,THB,SWIFT,
COMPANY,MA,THB,SWIFT,
PERSONAL,MD,AUD,SWIFT,
COMPANY,MD,AUD,SWIFT,
PERSONAL,NI,SGD,SWIFT,
COMPANY,NI,SGD,SWIFT,
PERSONAL,NO,CAD,SWIFT,
COMPANY,NO,CAD,SWIFT,
PERSONAL,PE,JPY,SWIFT,
COMPANY,PE,JPY,SWIFT,
PERSONAL,PH,CNY,SWIFT,
COMPANY,PH,CNY,SWIFT,
PERSONAL,PH,THB,SWIFT,
COMPANY,PH,THB,SWIFT,
PERSONAL,PT,CAD,SWIFT,
COMPANY,PT,CAD,SWIFT,
PERSONAL,PY,AUD,SWIFT,
COMPANY,PY,AUD,SWIFT,
PERSONAL,RU,HKD,SWIFT,
COMPANY,RU,HKD,SWIFT,
PERSONAL,SI,NZD,SWIFT,
COMPANY,SI,NZD,SWIFT,
PERSONAL,SV,CNY,SWIFT,
COMPANY,SV,CNY,SWIFT,
PERSONAL,TZ,THB,SWIFT,
COMPANY,TZ,THB,SWIFT,
PERSONAL,UG,NZD,SWIFT,
COMPANY,UG,NZD,SWIFT,
PERSONAL,US,NZD,SWIFT,
PERSONAL,US,USD,SWIFT,
COMPANY,US,USD,SWIFT,
COMPANY,US,NZD,SWIFT,
PERSONAL,US,USD,SWIFT,
COMPANY,US,USD,SWIFT,
PERSONAL,US,USD,LOCAL,ACH
PERSONAL,US,USD,LOCAL,FEDWIRE
COMPANY,US,USD,LOCAL,ACH
COMPANY,US,USD,LOCAL,FEDWIRE
PERSONAL,UY,CAD,SWIFT,
COMPANY,UY,CAD,SWIFT,
PERSONAL,AG,HKD,SWIFT,
COMPANY,AG,HKD,SWIFT,
PERSONAL,AM,CNY,SWIFT,
COMPANY,AM,CNY,SWIFT,
PERSONAL,AR,HKD,SWIFT,
COMPANY,AR,HKD,SWIFT,
PERSONAL,CR,AUD,SWIFT,
COMPANY,CR,AUD,SWIFT,
PERSONAL,CY,SGD,SWIFT,
COMPANY,CY,SGD,SWIFT,
PERSONAL,DE,THB,SWIFT,
COMPANY,DE,THB,SWIFT,
PERSONAL,GD,CNY,SWIFT,
COMPANY,GD,CNY,SWIFT,
PERSONAL,GD,JPY,SWIFT,
COMPANY,GD,JPY,SWIFT,
PERSONAL,GY,NZD,SWIFT,
COMPANY,GY,NZD,SWIFT,
PERSONAL,HN,THB,SWIFT,
COMPANY,HN,THB,SWIFT,
PERSONAL,IL,GBP,SWIFT,
COMPANY,IL,GBP,SWIFT,
PERSONAL,JM,NZD,SWIFT,
COMPANY,JM,NZD,SWIFT,
PERSONAL,KZ,USD,SWIFT,
COMPANY,KZ,USD,SWIFT,
PERSONAL,LI,CNY,SWIFT,
COMPANY,LI,CNY,SWIFT,
PERSONAL,MK,CAD,SWIFT,
COMPANY,MK,CAD,SWIFT,
PERSONAL,MO,USD,SWIFT,
COMPANY,MO,USD,SWIFT,
PERSONAL,MX,CHF,SWIFT,
COMPANY,MX,CHF,SWIFT,
PERSONAL,NI,HKD,SWIFT,
COMPANY,NI,HKD,SWIFT,
PERSONAL,NZ,GBP,SWIFT,
COMPANY,NZ,GBP,SWIFT,
PERSONAL,OM,THB,SWIFT,
COMPANY,OM,THB,SWIFT,
PERSONAL,PY,HKD,SWIFT,
COMPANY,PY,HKD,SWIFT,
PERSONAL,RS,CHF,SWIFT,
COMPANY,RS,CHF,SWIFT,
PERSONAL,RU,NZD,SWIFT,
COMPANY,RU,NZD,SWIFT,
PERSONAL,SA,CNY,SWIFT,
COMPANY,SA,CNY,SWIFT,
PERSONAL,SA,NZD,SWIFT,
COMPANY,SA,NZD,SWIFT,
PERSONAL,TJ,USD,SWIFT,
COMPANY,TJ,USD,SWIFT,
PERSONAL,ZM,SGD,SWIFT,
COMPANY,ZM,SGD,SWIFT,
PERSONAL,AN,NZD,SWIFT,
COMPANY,AN,NZD,SWIFT,
PERSONAL,AO,THB,SWIFT,
COMPANY,AO,THB,SWIFT,
PERSONAL,BD,CAD,SWIFT,
COMPANY,BD,CAD,SWIFT,
PERSONAL,BD,JPY,SWIFT,
COMPANY,BD,JPY,SWIFT,
PERSONAL,CO,CHF,SWIFT,
COMPANY,CO,CHF,SWIFT,
PERSONAL,CW,USD,SWIFT,
COMPANY,CW,USD,SWIFT,
PERSONAL,DZ,CNY,SWIFT,
COMPANY,DZ,CNY,SWIFT,
PERSONAL,DZ,USD,SWIFT,
COMPANY,DZ,USD,SWIFT,
PERSONAL,HU,USD,SWIFT,
COMPANY,HU,USD,SWIFT,
PERSONAL,IL,EUR,SWIFT,
COMPANY,IL,EUR,SWIFT,
PERSONAL,KE,THB,SWIFT,
COMPANY,KE,THB,SWIFT,
PERSONAL,KG,HKD,SWIFT,
COMPANY,KG,HKD,SWIFT,
PERSONAL,KH,EUR,SWIFT,
COMPANY,KH,EUR,SWIFT,
PERSONAL,LV,THB,SWIFT,
COMPANY,LV,THB,SWIFT,
PERSONAL,LV,CHF,SWIFT,
COMPANY,LV,CHF,SWIFT,
PERSONAL,MD,GBP,SWIFT,
COMPANY,MD,GBP,SWIFT,
PERSONAL,MD,SGD,SWIFT,
COMPANY,MD,SGD,SWIFT,
PERSONAL,ME,SGD,SWIFT,
COMPANY,ME,SGD,SWIFT,
PERSONAL,MV,HKD,SWIFT,
COMPANY,MV,HKD,SWIFT,
PERSONAL,NG,CHF,SWIFT,
COMPANY,NG,CHF,SWIFT,
PERSONAL,NI,EUR,SWIFT,
COMPANY,NI,EUR,SWIFT,
PERSONAL,NI,THB,SWIFT,
COMPANY,NI,THB,SWIFT,
PERSONAL,PE,SGD,SWIFT,
COMPANY,PE,SGD,SWIFT,
PERSONAL,SE,JPY,SWIFT,
COMPANY,SE,JPY,SWIFT,
PERSONAL,TN,AUD,SWIFT,
COMPANY,TN,AUD,SWIFT,
PERSONAL,TN,JPY,SWIFT,
COMPANY,TN,JPY,SWIFT,
PERSONAL,UG,HKD,SWIFT,
COMPANY,UG,HKD,SWIFT,
PERSONAL,UG,CHF,SWIFT,
COMPANY,UG,CHF,SWIFT,
PERSONAL,AD,CHF,SWIFT,
COMPANY,AD,CHF,SWIFT,
PERSONAL,AO,HKD,SWIFT,
COMPANY,AO,HKD,SWIFT,
PERSONAL,CW,AUD,SWIFT,
COMPANY,CW,AUD,SWIFT,
PERSONAL,DK,CAD,SWIFT,
COMPANY,DK,CAD,SWIFT,
PERSONAL,DK,CHF,SWIFT,
COMPANY,HK,HKD,LOCAL,ACH
COMPANY,HK,HKD,LOCAL,RTGS
COMPANY,HK,HKD,LOCAL,FPS
PERSONAL,HK,HKD,LOCAL,ACH
PERSONAL,HK,HKD,LOCAL,RTGS
PERSONAL,HK,HKD,LOCAL,FPS
COMPANY,HK,HKD,SWIFT,
COMPANY,DK,CHF,SWIFT,
PERSONAL,HK,HKD,SWIFT,
COMPANY,HK,HKD,SWIFT,
PERSONAL,HN,USD,SWIFT,
COMPANY,HN,USD,SWIFT,
PERSONAL,HN,CHF,SWIFT,
COMPANY,HN,CHF,SWIFT,
PERSONAL,ID,THB,SWIFT,
COMPANY,ID,THB,SWIFT,
PERSONAL,MD,CAD,SWIFT,
COMPANY,MD,CAD,SWIFT,
PERSONAL,MD,USD,SWIFT,
COMPANY,MD,USD,SWIFT,
PERSONAL,ME,CNY,SWIFT,
COMPANY,ME,CNY,SWIFT,
PERSONAL,ME,THB,SWIFT,
COMPANY,ME,THB,SWIFT,
PERSONAL,MU,USD,SWIFT,
COMPANY,MU,USD,SWIFT,
PERSONAL,MX,THB,SWIFT,
COMPANY,MX,THB,SWIFT,
PERSONAL,NZ,HKD,SWIFT,
COMPANY,NZ,HKD,SWIFT,
PERSONAL,PF,SGD,SWIFT,
COMPANY,PF,SGD,SWIFT,
PERSONAL,PH,EUR,SWIFT,
COMPANY,PH,EUR,SWIFT,
PERSONAL,PM,GBP,SWIFT,
COMPANY,PM,GBP,SWIFT,
PERSONAL,UA,USD,SWIFT,
COMPANY,UA,USD,SWIFT,
PERSONAL,VN,HKD,SWIFT,
COMPANY,VN,HKD,SWIFT,
PERSONAL,ZM,CAD,SWIFT,
COMPANY,ZM,CAD,SWIFT,
PERSONAL,AN,EUR,SWIFT,
COMPANY,AN,EUR,SWIFT,
PERSONAL,AO,SGD,SWIFT,
COMPANY,AO,SGD,SWIFT,
PERSONAL,AR,CNY,SWIFT,
COMPANY,AR,CNY,SWIFT,
PERSONAL,BE,SGD,SWIFT,
COMPANY,BE,SGD,SWIFT,
PERSONAL,DE,CNY,SWIFT,
COMPANY,DE,CNY,SWIFT,
PERSONAL,HN,EUR,SWIFT,
COMPANY,HN,EUR,SWIFT,
PERSONAL,HN,NZD,SWIFT,
COMPANY,HN,NZD,SWIFT,
PERSONAL,HR,AUD,SWIFT,
COMPANY,HR,AUD,SWIFT,
PERSONAL,JO,CHF,SWIFT,
COMPANY,JO,CHF,SWIFT,
PERSONAL,JP,EUR,SWIFT,
COMPANY,JP,EUR,SWIFT,
PERSONAL,LK,CAD,SWIFT,
COMPANY,LK,CAD,SWIFT,
PERSONAL,MT,CNY,SWIFT,
COMPANY,MT,CNY,SWIFT,
PERSONAL,MU,CHF,SWIFT,
COMPANY,MU,CHF,SWIFT,
PERSONAL,NO,SGD,SWIFT,
COMPANY,NO,SGD,SWIFT,
PERSONAL,PH,CAD,SWIFT,
COMPANY,PH,CAD,SWIFT,
PERSONAL,PK,EUR,SWIFT,
COMPANY,PK,EUR,SWIFT,
PERSONAL,PT,JPY,SWIFT,
COMPANY,PT,JPY,SWIFT,
PERSONAL,SE,CAD,SWIFT,
COMPANY,SE,CAD,SWIFT,
PERSONAL,SG,USD,SWIFT,
COMPANY,SG,USD,SWIFT,
PERSONAL,SV,AUD,SWIFT,
COMPANY,SV,AUD,SWIFT,
PERSONAL,TJ,CNY,SWIFT,
COMPANY,TJ,CNY,SWIFT,
PERSONAL,TR,SGD,SWIFT,
COMPANY,TR,SGD,SWIFT,
PERSONAL,YT,CNY,SWIFT,
COMPANY,YT,CNY,SWIFT,
PERSONAL,AD,NZD,SWIFT,
COMPANY,AD,NZD,SWIFT,
PERSONAL,AL,CNY,SWIFT,
COMPANY,AL,CNY,SWIFT,
PERSONAL,AM,HKD,SWIFT,
COMPANY,AM,HKD,SWIFT,
PERSONAL,AM,CHF,SWIFT,
COMPANY,AM,CHF,SWIFT,
PERSONAL,AT,CHF,SWIFT,
COMPANY,AT,CHF,SWIFT,
PERSONAL,AU,AUD,SWIFT,
PERSONAL,AU,AUD,LOCAL,BANK_TRANSFER
PERSONAL,AU,AUD,LOCAL,BPAY
COMPANY,AU,AUD,SWIFT,
COMPANY,AU,AUD,LOCAL,BANK_TRANSFER
COMPANY,AU,AUD,LOCAL,BPAY
PERSONAL,BD,THB,SWIFT,
COMPANY,BD,THB,SWIFT,
PERSONAL,BE,NZD,SWIFT,
COMPANY,BE,NZD,SWIFT,
PERSONAL,BG,GBP,SWIFT,
COMPANY,BG,GBP,SWIFT,
PERSONAL,BO,USD,SWIFT,
COMPANY,BO,USD,SWIFT,
PERSONAL,CL,THB,SWIFT,
COMPANY,CL,THB,SWIFT,
PERSONAL,CR,HKD,SWIFT,
COMPANY,CR,HKD,SWIFT,
PERSONAL,DE,USD,SWIFT,
COMPANY,DE,USD,SWIFT,
PERSONAL,DK,NZD,SWIFT,
COMPANY,DK,NZD,SWIFT,
PERSONAL,DM,AUD,SWIFT,
COMPANY,DM,AUD,SWIFT,
PERSONAL,GD,GBP,SWIFT,
COMPANY,GD,GBP,SWIFT,
PERSONAL,GD,NZD,SWIFT,
COMPANY,GD,NZD,SWIFT,
PERSONAL,GE,NZD,SWIFT,
COMPANY,GE,NZD,SWIFT,
PERSONAL,IT,JPY,SWIFT,
COMPANY,IT,JPY,SWIFT,
PERSONAL,KE,CHF,SWIFT,
COMPANY,KE,CHF,SWIFT,
PERSONAL,KG,AUD,SWIFT,
COMPANY,KG,AUD,SWIFT,
PERSONAL,KR,GBP,SWIFT,
COMPANY,KR,GBP,SWIFT,
PERSONAL,KR,NZD,SWIFT,
COMPANY,KR,NZD,SWIFT,
PERSONAL,KZ,SGD,SWIFT,
COMPANY,KZ,SGD,SWIFT,
PERSONAL,KW,EUR,SWIFT,
COMPANY,KW,EUR,SWIFT,
PERSONAL,MK,THB,SWIFT,
COMPANY,MK,THB,SWIFT,
PERSONAL,MO,JPY,SWIFT,
COMPANY,MO,JPY,SWIFT,
PERSONAL,MV,AUD,SWIFT,
COMPANY,MV,AUD,SWIFT,
PERSONAL,NG,JPY,SWIFT,
COMPANY,NG,JPY,SWIFT,
PERSONAL,NP,CHF,SWIFT,
COMPANY,NP,CHF,SWIFT,
PERSONAL,PL,EUR,LOCAL SWIFT,
COMPANY,PL,EUR,LOCAL SWIFT,
PERSONAL,PL,CHF,SWIFT,
COMPANY,PL,CHF,SWIFT,
PERSONAL,PM,HKD,SWIFT,
COMPANY,PM,HKD,SWIFT,
PERSONAL,RO,EUR,LOCAL SWIFT,
COMPANY,RO,EUR,LOCAL SWIFT,
PERSONAL,RU,CHF,SWIFT,
COMPANY,RU,CHF,SWIFT,
PERSONAL,SC,CAD,SWIFT,
COMPANY,SC,CAD,SWIFT,
PERSONAL,SE,USD,SWIFT,
COMPANY,SE,USD,SWIFT,
PERSONAL,SG,THB,SWIFT,
COMPANY,SG,THB,SWIFT,
PERSONAL,TH,USD,SWIFT,
COMPANY,TH,USD,SWIFT,
PERSONAL,UG,USD,SWIFT,
COMPANY,UG,USD,SWIFT,
PERSONAL,US,SGD,SWIFT,
COMPANY,US,SGD,SWIFT,
PERSONAL,AZ,AUD,SWIFT,
COMPANY,AZ,AUD,SWIFT,
PERSONAL,BG,AUD,SWIFT,
COMPANY,BG,AUD,SWIFT,
PERSONAL,BZ,CNY,SWIFT,
COMPANY,BZ,CNY,SWIFT,
PERSONAL,CY,AUD,SWIFT,
COMPANY,CY,AUD,SWIFT,
PERSONAL,CY,GBP,SWIFT,
COMPANY,CY,GBP,SWIFT,
PERSONAL,CZ,JPY,SWIFT,
COMPANY,CZ,JPY,SWIFT,
PERSONAL,IE,USD,SWIFT,
COMPANY,IE,USD,SWIFT,
PERSONAL,IM,CNY,SWIFT,
COMPANY,IM,CNY,SWIFT,
PERSONAL,JP,CNY,SWIFT,
COMPANY,JP,CNY,SWIFT,
PERSONAL,KE,GBP,SWIFT,
COMPANY,KE,GBP,SWIFT,
PERSONAL,MY,CNY,SWIFT,
COMPANY,MY,CNY,SWIFT,
PERSONAL,NG,GBP,SWIFT,
COMPANY,NG,GBP,SWIFT,
PERSONAL,RS,GBP,SWIFT,
COMPANY,RS,GBP,SWIFT,
PERSONAL,SI,CNY,SWIFT,
COMPANY,SI,CNY,SWIFT,
PERSONAL,SM,NZD,SWIFT,
COMPANY,SM,NZD,SWIFT,
PERSONAL,TJ,AUD,SWIFT,
COMPANY,TJ,AUD,SWIFT,
PERSONAL,TJ,SGD,SWIFT,
COMPANY,TJ,SGD,SWIFT,
PERSONAL,UG,THB,SWIFT,
COMPANY,UG,THB,SWIFT,
PERSONAL,US,CAD,SWIFT,
COMPANY,US,CAD,SWIFT,
PERSONAL,VN,USD,SWIFT,
COMPANY,VN,USD,SWIFT,
PERSONAL,VU,JPY,SWIFT,
COMPANY,VU,JPY,SWIFT,
PERSONAL,AL,CAD,SWIFT,
COMPANY,AL,CAD,SWIFT,
PERSONAL,AU,NZD,SWIFT,
COMPANY,AU,NZD,SWIFT,
PERSONAL,BH,NZD,SWIFT,
COMPANY,BH,NZD,SWIFT,
PERSONAL,BR,JPY,SWIFT,
COMPANY,BR,JPY,SWIFT,
PERSONAL,CO,JPY,SWIFT,
COMPANY,CO,JPY,SWIFT,
PERSONAL,CR,USD,SWIFT,
COMPANY,CR,USD,SWIFT,
PERSONAL,CY,CAD,SWIFT,
COMPANY,CY,CAD,SWIFT,
PERSONAL,DO,USD,SWIFT,
COMPANY,DO,USD,SWIFT,
PERSONAL,FR,NZD,SWIFT,
COMPANY,FR,NZD,SWIFT,
PERSONAL,GE,EUR,SWIFT,
COMPANY,GE,EUR,SWIFT,
PERSONAL,HU,CNY,SWIFT,
COMPANY,HU,CNY,SWIFT,
PERSONAL,JM,CAD,SWIFT,
COMPANY,JM,CAD,SWIFT,
PERSONAL,JP,JPY,LOCAL SWIFT,
COMPANY,JP,JPY,LOCAL SWIFT,
PERSONAL,LI,USD,SWIFT,
COMPANY,LI,USD,SWIFT,
PERSONAL,ME,USD,SWIFT,
COMPANY,ME,USD,SWIFT,
PERSONAL,MK,CNY,SWIFT,
COMPANY,MK,CNY,SWIFT,
PERSONAL,PL,USD,SWIFT,
COMPANY,PL,USD,SWIFT,
PERSONAL,RU,CAD,SWIFT,
COMPANY,RU,CAD,SWIFT,
PERSONAL,US,CHF,SWIFT,
COMPANY,US,CHF,SWIFT,
PERSONAL,UY,EUR,SWIFT,
COMPANY,UY,EUR,SWIFT,
PERSONAL,AE,USD,SWIFT,
COMPANY,AE,USD,SWIFT,
PERSONAL,AT,USD,SWIFT,
COMPANY,AT,USD,SWIFT,
PERSONAL,BE,JPY,SWIFT,
COMPANY,BE,JPY,SWIFT,
PERSONAL,BE,USD,SWIFT,
COMPANY,BE,USD,SWIFT,
PERSONAL,BO,SGD,SWIFT,
COMPANY,BO,SGD,SWIFT,
PERSONAL,DO,CAD,SWIFT,
COMPANY,DO,CAD,SWIFT,
PERSONAL,GY,EUR,SWIFT,
COMPANY,GY,EUR,SWIFT,
PERSONAL,HK,USD,LOCAL,RTGS
PERSONAL,HK,USD,SWIFT,
COMPANY,HK,USD,SWIFT,
COMPANY,HK,USD,LOCAL,RTGS
PERSONAL,IN,EUR,SWIFT,
COMPANY,IN,EUR,SWIFT,
PERSONAL,IS,CAD,SWIFT,
COMPANY,IS,CAD,SWIFT,
PERSONAL,JE,AUD,SWIFT,
COMPANY,JE,AUD,SWIFT,
PERSONAL,JE,EUR,SWIFT,
COMPANY,JE,EUR,SWIFT,
PERSONAL,JE,SGD,SWIFT,
COMPANY,JE,SGD,SWIFT,
PERSONAL,KH,USD,SWIFT,
COMPANY,KH,USD,SWIFT,
PERSONAL,KR,CNY,SWIFT,
COMPANY,KR,CNY,SWIFT,
PERSONAL,LI,JPY,SWIFT,
COMPANY,LI,JPY,SWIFT,
PERSONAL,MK,SGD,SWIFT,
COMPANY,MK,SGD,SWIFT,
PERSONAL,MQ,JPY,SWIFT,
COMPANY,MQ,JPY,SWIFT,
PERSONAL,MV,NZD,SWIFT,
COMPANY,MV,NZD,SWIFT,
PERSONAL,MX,GBP,SWIFT,
COMPANY,MX,GBP,SWIFT,
PERSONAL,MX,SGD,SWIFT,
COMPANY,MX,SGD,SWIFT,
PERSONAL,MY,SGD,SWIFT,
COMPANY,MY,SGD,SWIFT,
PERSONAL,NA,USD,SWIFT,
COMPANY,NA,USD,SWIFT,
PERSONAL,NL,THB,SWIFT,
COMPANY,NL,THB,SWIFT,
PERSONAL,NO,HKD,SWIFT,
COMPANY,NO,HKD,SWIFT,
PERSONAL,NP,EUR,SWIFT,
COMPANY,NP,EUR,SWIFT,
PERSONAL,NZ,THB,SWIFT,
COMPANY,NZ,THB,SWIFT,
PERSONAL,PK,JPY,SWIFT,
COMPANY,PK,JPY,SWIFT,
PERSONAL,PK,CHF,SWIFT,
COMPANY,PK,CHF,SWIFT,
PERSONAL,PR,AUD,SWIFT,
COMPANY,PR,AUD,SWIFT,
PERSONAL,PR,CHF,SWIFT,
COMPANY,PR,CHF,SWIFT,
PERSONAL,RS,CNY,SWIFT,
COMPANY,RS,CNY,SWIFT,
PERSONAL,SA,CHF,SWIFT,
COMPANY,SA,CHF,SWIFT,
PERSONAL,SG,HKD,SWIFT,
COMPANY,SG,HKD,SWIFT,
PERSONAL,ZA,SGD,SWIFT,
COMPANY,ZA,SGD,SWIFT,
PERSONAL,AE,EUR,SWIFT,
COMPANY,AE,EUR,SWIFT,
PERSONAL,AL,SGD,SWIFT,
COMPANY,AL,SGD,SWIFT,
PERSONAL,AM,JPY,SWIFT,
COMPANY,AM,JPY,SWIFT,
PERSONAL,BG,THB,SWIFT,
COMPANY,BG,THB,SWIFT,
PERSONAL,BH,HKD,SWIFT,
COMPANY,BH,HKD,SWIFT,
PERSONAL,CW,HKD,SWIFT,
COMPANY,CW,HKD,SWIFT,
PERSONAL,CY,CNY,SWIFT,
COMPANY,CY,CNY,SWIFT,
PERSONAL,DM,GBP,SWIFT,
COMPANY,DM,GBP,SWIFT,
PERSONAL,DM,CHF,SWIFT,
COMPANY,DM,CHF,SWIFT,
PERSONAL,GD,SGD,SWIFT,
COMPANY,GD,SGD,SWIFT,
PERSONAL,GR,CNY,SWIFT,
COMPANY,GR,CNY,SWIFT,
PERSONAL,GY,HKD,SWIFT,
COMPANY,GY,HKD,SWIFT,
PERSONAL,HR,CHF,SWIFT,
COMPANY,HR,CHF,SWIFT,
PERSONAL,HU,NZD,SWIFT,
COMPANY,HU,NZD,SWIFT,
PERSONAL,IM,GBP,SWIFT,
COMPANY,IM,GBP,SWIFT,
PERSONAL,IM,SGD,SWIFT,
COMPANY,IM,SGD,SWIFT,
PERSONAL,IS,THB,SWIFT,
COMPANY,IS,THB,SWIFT,
PERSONAL,IT,HKD,SWIFT,
COMPANY,IT,HKD,SWIFT,
PERSONAL,IT,USD,SWIFT,
COMPANY,IT,USD,SWIFT,
PERSONAL,JE,USD,SWIFT,
COMPANY,JE,USD,SWIFT,
PERSONAL,JM,CHF,SWIFT,
COMPANY,JM,CHF,SWIFT,
PERSONAL,KE,EUR,SWIFT,
COMPANY,KE,EUR,SWIFT,
PERSONAL,LB,GBP,SWIFT,
COMPANY,LB,GBP,SWIFT,
PERSONAL,LB,NZD,SWIFT,
COMPANY,LB,NZD,SWIFT,
PERSONAL,MD,CNY,SWIFT,
COMPANY,MD,CNY,SWIFT,
PERSONAL,ME,CHF,SWIFT,
COMPANY,ME,CHF,SWIFT,
PERSONAL,MK,CHF,SWIFT,
COMPANY,MK,CHF,SWIFT,
PERSONAL,QA,CNY,SWIFT,
COMPANY,QA,CNY,SWIFT,
PERSONAL,SC,JPY,SWIFT,
COMPANY,SC,JPY,SWIFT,
PERSONAL,SE,CNY,SWIFT,
COMPANY,SE,CNY,SWIFT,
PERSONAL,SG,JPY,SWIFT,
COMPANY,SG,JPY,SWIFT,
PERSONAL,SI,HKD,SWIFT,
COMPANY,SI,HKD,SWIFT,
PERSONAL,SK,CNY,SWIFT,
COMPANY,SK,CNY,SWIFT,
PERSONAL,SK,SGD,SWIFT,
COMPANY,SK,SGD,SWIFT,
PERSONAL,TH,CAD,SWIFT,
COMPANY,TH,CAD,SWIFT,
PERSONAL,UY,NZD,SWIFT,
COMPANY,UY,NZD,SWIFT,
PERSONAL,YT,EUR,LOCAL SWIFT,
COMPANY,YT,EUR,LOCAL SWIFT,
PERSONAL,YT,NZD,SWIFT,
COMPANY,YT,NZD,SWIFT,
PERSONAL,AN,CNY,SWIFT,
COMPANY,AN,CNY,SWIFT,
PERSONAL,AN,JPY,SWIFT,
COMPANY,AN,JPY,SWIFT,
PERSONAL,AN,THB,SWIFT,
COMPANY,AN,THB,SWIFT,
PERSONAL,AZ,CAD,SWIFT,
COMPANY,AZ,CAD,SWIFT,
PERSONAL,BA,HKD,SWIFT,
COMPANY,BA,HKD,SWIFT,
PERSONAL,CA,JPY,SWIFT,
COMPANY,CA,JPY,SWIFT,
PERSONAL,ES,THB,SWIFT,
COMPANY,ES,THB,SWIFT,
PERSONAL,FI,SGD,SWIFT,
COMPANY,FI,SGD,SWIFT,
PERSONAL,FJ,CAD,SWIFT,
COMPANY,FJ,CAD,SWIFT,
PERSONAL,GT,HKD,SWIFT,
COMPANY,GT,HKD,SWIFT,
PERSONAL,GT,THB,SWIFT,
COMPANY,GT,THB,SWIFT,
PERSONAL,HU,SGD,SWIFT,
COMPANY,HU,SGD,SWIFT,
PERSONAL,ID,GBP,SWIFT,
COMPANY,ID,GBP,SWIFT,
PERSONAL,IL,USD,SWIFT,
COMPANY,IL,USD,SWIFT,
PERSONAL,IM,USD,SWIFT,
COMPANY,IM,USD,SWIFT,
PERSONAL,IN,CNY,SWIFT,
COMPANY,IN,CNY,SWIFT,
PERSONAL,JM,GBP,SWIFT,
COMPANY,JM,GBP,SWIFT,
PERSONAL,KZ,CAD,SWIFT,
COMPANY,KZ,CAD,SWIFT,
PERSONAL,KW,JPY,SWIFT,
COMPANY,KW,JPY,SWIFT,
PERSONAL,LK,THB,SWIFT,
COMPANY,LK,THB,SWIFT,
PERSONAL,ME,GBP,SWIFT,
COMPANY,ME,GBP,SWIFT,
PERSONAL,MO,HKD,SWIFT,
COMPANY,MO,HKD,SWIFT,
PERSONAL,MX,EUR,SWIFT,
COMPANY,MX,EUR,SWIFT,
PERSONAL,MX,JPY,SWIFT,
COMPANY,MX,JPY,SWIFT,
PERSONAL,MX,USD,SWIFT,
COMPANY,MX,USD,SWIFT,
PERSONAL,PH,CHF,SWIFT,
COMPANY,PH,CHF,SWIFT,
PERSONAL,PK,GBP,SWIFT,
COMPANY,PK,GBP,SWIFT,
PERSONAL,PR,USD,SWIFT,
COMPANY,PR,USD,SWIFT,
PERSONAL,QA,EUR,SWIFT,
COMPANY,QA,EUR,SWIFT,
PERSONAL,SC,GBP,SWIFT,
COMPANY,SC,GBP,SWIFT,
PERSONAL,SE,GBP,SWIFT,
COMPANY,SE,GBP,SWIFT,
PERSONAL,SG,AUD,SWIFT,
COMPANY,SG,AUD,SWIFT,
PERSONAL,SG,SGD,SWIFT,
PERSONAL,SG,SGD,LOCAL,FAST
PERSONAL,SG,SGD,LOCAL,GIRO
PERSONAL,SG,SGD,LOCAL,RTGS
COMPANY,SG,SGD,SWIFT,
COMPANY,SG,SGD,LOCAL,FAST
COMPANY,SG,SGD,LOCAL,GIRO
COMPANY,SG,SGD,LOCAL,RTGS
PERSONAL,SK,USD,SWIFT,
COMPANY,SK,USD,SWIFT,
PERSONAL,SM,AUD,SWIFT,
COMPANY,SM,AUD,SWIFT,
PERSONAL,UY,SGD,SWIFT,
COMPANY,UY,SGD,SWIFT,
PERSONAL,VU,CHF,SWIFT,
COMPANY,VU,CHF,SWIFT,
PERSONAL,AG,CNY,SWIFT,
COMPANY,AG,CNY,SWIFT,
PERSONAL,AU,CHF,SWIFT,
COMPANY,AU,CHF,SWIFT,
PERSONAL,BA,NZD,SWIFT,
COMPANY,BA,NZD,SWIFT,
PERSONAL,CR,SGD,SWIFT,
COMPANY,CR,SGD,SWIFT,
PERSONAL,DE,NZD,SWIFT,
COMPANY,DE,NZD,SWIFT,
PERSONAL,DM,SGD,SWIFT,
COMPANY,DM,SGD,SWIFT,
PERSONAL,GT,SGD,SWIFT,
COMPANY,GT,SGD,SWIFT,
PERSONAL,GY,USD,SWIFT,
COMPANY,GY,USD,SWIFT,
PERSONAL,IS,NZD,SWIFT,
COMPANY,IS,NZD,SWIFT,
PERSONAL,LT,CAD,SWIFT,
COMPANY,LT,CAD,SWIFT,
PERSONAL,LT,NZD,SWIFT,
COMPANY,LT,NZD,SWIFT,
PERSONAL,MY,CHF,SWIFT,
COMPANY,MY,CHF,SWIFT,
PERSONAL,NL,EUR,LOCAL SWIFT,
COMPANY,NL,EUR,LOCAL SWIFT,
PERSONAL,PK,HKD,SWIFT,
COMPANY,PK,HKD,SWIFT,
PERSONAL,PY,THB,SWIFT,
COMPANY,PY,THB,SWIFT,
PERSONAL,RS,THB,SWIFT,
COMPANY,RS,THB,SWIFT,
PERSONAL,TW,USD,SWIFT,
COMPANY,TW,USD,SWIFT,
PERSONAL,UA,SGD,SWIFT,
COMPANY,UA,SGD,SWIFT,
PERSONAL,AG,CAD,SWIFT,
COMPANY,AG,CAD,SWIFT,
PERSONAL,AG,THB,SWIFT,
COMPANY,AG,THB,SWIFT,
PERSONAL,AI,HKD,SWIFT,
COMPANY,AI,HKD,SWIFT,
PERSONAL,AW,CNY,SWIFT,
COMPANY,AW,CNY,SWIFT,
PERSONAL,AW,CHF,SWIFT,
COMPANY,AW,CHF,SWIFT,
PERSONAL,AZ,GBP,SWIFT,
COMPANY,AZ,GBP,SWIFT,
PERSONAL,AZ,SGD,SWIFT,
COMPANY,AZ,SGD,SWIFT,
PERSONAL,BA,THB,SWIFT,
COMPANY,BA,THB,SWIFT,
PERSONAL,BD,NZD,SWIFT,
COMPANY,BD,NZD,SWIFT,
PERSONAL,BZ,NZD,SWIFT,
COMPANY,BZ,NZD,SWIFT,
PERSONAL,BZ,CHF,SWIFT,
COMPANY,BZ,CHF,SWIFT,
PERSONAL,CA,GBP,SWIFT,
COMPANY,CA,GBP,SWIFT,
PERSONAL,DO,THB,SWIFT,
COMPANY,DO,THB,SWIFT,
PERSONAL,DZ,CHF,SWIFT,
COMPANY,DZ,CHF,SWIFT,
PERSONAL,EG,EUR,SWIFT,
COMPANY,EG,EUR,SWIFT,
PERSONAL,GI,CHF,SWIFT,
COMPANY,GI,CHF,SWIFT,
PERSONAL,GQ,CAD,SWIFT,
COMPANY,GQ,CAD,SWIFT,
PERSONAL,GQ,JPY,SWIFT,
COMPANY,GQ,JPY,SWIFT,
PERSONAL,GQ,USD,SWIFT,
COMPANY,GQ,USD,SWIFT,
PERSONAL,GR,AUD,SWIFT,
COMPANY,GR,AUD,SWIFT,
PERSONAL,GY,SGD,SWIFT,
COMPANY,GY,SGD,SWIFT,
PERSONAL,HR,JPY,SWIFT,
COMPANY,HR,JPY,SWIFT,
PERSONAL,KW,HKD,SWIFT,
COMPANY,KW,HKD,SWIFT,
PERSONAL,KW,USD,SWIFT,
COMPANY,KW,USD,SWIFT,
PERSONAL,LT,HKD,SWIFT,
COMPANY,LT,HKD,SWIFT,
PERSONAL,MO,THB,SWIFT,
COMPANY,MO,THB,SWIFT,
PERSONAL,MU,JPY,SWIFT,
COMPANY,MU,JPY,SWIFT,
PERSONAL,NP,THB,SWIFT,
COMPANY,NP,THB,SWIFT,
PERSONAL,NZ,SGD,SWIFT,
COMPANY,NZ,SGD,SWIFT,
PERSONAL,OM,GBP,SWIFT,
COMPANY,OM,GBP,SWIFT,
PERSONAL,PF,CAD,SWIFT,
COMPANY,PF,CAD,SWIFT,
PERSONAL,PF,CHF,SWIFT,
COMPANY,PF,CHF,SWIFT,
PERSONAL,PH,HKD,SWIFT,
COMPANY,PH,HKD,SWIFT,
PERSONAL,PR,SGD,SWIFT,
COMPANY,PR,SGD,SWIFT,
PERSONAL,RO,CHF,SWIFT,
COMPANY,RO,CHF,SWIFT,
PERSONAL,RU,GBP,SWIFT,
COMPANY,RU,GBP,SWIFT,
PERSONAL,SA,HKD,SWIFT,
COMPANY,SA,HKD,SWIFT,
PERSONAL,SA,USD,SWIFT,
COMPANY,SA,USD,SWIFT,
PERSONAL,SC,AUD,SWIFT,
COMPANY,SC,AUD,SWIFT,
PERSONAL,TW,THB,SWIFT,
COMPANY,TW,THB,SWIFT,
PERSONAL,AE,JPY,SWIFT,
COMPANY,AE,JPY,SWIFT,
PERSONAL,AU,THB,SWIFT,
COMPANY,AU,THB,SWIFT,
PERSONAL,BZ,HKD,SWIFT,
COMPANY,BZ,HKD,SWIFT,
PERSONAL,BZ,USD,SWIFT,
COMPANY,BZ,USD,SWIFT,
PERSONAL,DK,HKD,SWIFT,
COMPANY,DK,HKD,SWIFT,
PERSONAL,FI,EUR,LOCAL SWIFT,
COMPANY,FI,EUR,LOCAL SWIFT,
PERSONAL,FJ,GBP,SWIFT,
COMPANY,FJ,GBP,SWIFT,
PERSONAL,IE,CAD,SWIFT,
COMPANY,IE,CAD,SWIFT,
PERSONAL,KG,THB,SWIFT,
COMPANY,KG,THB,SWIFT,
PERSONAL,MQ,CNY,SWIFT,
COMPANY,MQ,CNY,SWIFT,
PERSONAL,NZ,JPY,SWIFT,
COMPANY,NZ,JPY,SWIFT,
PERSONAL,PF,EUR,SWIFT,
COMPANY,PF,EUR,SWIFT,
PERSONAL,PM,EUR,LOCAL SWIFT,
COMPANY,PM,EUR,LOCAL SWIFT,
PERSONAL,RU,THB,SWIFT,
COMPANY,RU,THB,SWIFT,
PERSONAL,SA,EUR,SWIFT,
COMPANY,SA,EUR,SWIFT,
PERSONAL,SA,THB,SWIFT,
COMPANY,SA,THB,SWIFT,
PERSONAL,SM,SGD,SWIFT,
COMPANY,SM,SGD,SWIFT,
PERSONAL,TN,CNY,SWIFT,
COMPANY,TN,CNY,SWIFT,
PERSONAL,TR,GBP,SWIFT,
COMPANY,TR,GBP,SWIFT,
PERSONAL,TR,NZD,SWIFT,
COMPANY,TR,NZD,SWIFT,
PERSONAL,TW,HKD,SWIFT,
COMPANY,TW,HKD,SWIFT,
PERSONAL,ZM,THB,SWIFT,
COMPANY,ZM,THB,SWIFT,
PERSONAL,AE,THB,SWIFT,
COMPANY,AE,THB,SWIFT,
PERSONAL,AI,GBP,SWIFT,
COMPANY,AI,GBP,SWIFT,
PERSONAL,AI,THB,SWIFT,
COMPANY,AI,THB,SWIFT,
PERSONAL,CL,USD,SWIFT,
COMPANY,CL,USD,SWIFT,
PERSONAL,CN,GBP,SWIFT,
COMPANY,CN,GBP,SWIFT,
PERSONAL,DK,USD,SWIFT,
COMPANY,DK,USD,SWIFT,
PERSONAL,EC,HKD,SWIFT,
COMPANY,EC,HKD,SWIFT,
PERSONAL,GB,NZD,SWIFT,
COMPANY,GB,NZD,SWIFT,
PERSONAL,GE,CAD,SWIFT,
COMPANY,GE,CAD,SWIFT,
PERSONAL,GQ,EUR,SWIFT,
COMPANY,GQ,EUR,SWIFT,
PERSONAL,HR,SGD,SWIFT,
COMPANY,HR,SGD,SWIFT,
PERSONAL,IN,JPY,SWIFT,
COMPANY,IN,JPY,SWIFT,
PERSONAL,IS,CNY,SWIFT,
COMPANY,IS,CNY,SWIFT,
PERSONAL,IT,CAD,SWIFT,
COMPANY,IT,CAD,SWIFT,
PERSONAL,LK,USD,SWIFT,
COMPANY,LK,USD,SWIFT,
PERSONAL,LT,THB,SWIFT,
COMPANY,LT,THB,SWIFT,
PERSONAL,LU,AUD,SWIFT,
COMPANY,LU,AUD,SWIFT,
PERSONAL,MU,CAD,SWIFT,
COMPANY,MU,CAD,SWIFT,
PERSONAL,NO,THB,SWIFT,
COMPANY,NO,THB,SWIFT,
PERSONAL,NZ,AUD,SWIFT,
COMPANY,NZ,AUD,SWIFT,
PERSONAL,OM,USD,SWIFT,
COMPANY,OM,USD,SWIFT,
PERSONAL,PA,CNY,SWIFT,
COMPANY,PA,CNY,SWIFT,
PERSONAL,PE,EUR,SWIFT,
COMPANY,PE,EUR,SWIFT,
PERSONAL,PF,AUD,SWIFT,
COMPANY,PF,AUD,SWIFT,
PERSONAL,PH,JPY,SWIFT,
COMPANY,PH,JPY,SWIFT,
PERSONAL,PM,CAD,SWIFT,
COMPANY,PM,CAD,SWIFT,
PERSONAL,RO,GBP,SWIFT,
COMPANY,RO,GBP,SWIFT,
PERSONAL,RS,HKD,SWIFT,
COMPANY,RS,HKD,SWIFT,
PERSONAL,RS,SGD,SWIFT,
COMPANY,RS,SGD,SWIFT,
PERSONAL,TN,CHF,SWIFT,
COMPANY,TN,CHF,SWIFT,
PERSONAL,US,CNY,SWIFT,
COMPANY,US,CNY,SWIFT,
PERSONAL,UZ,HKD,SWIFT,
COMPANY,UZ,HKD,SWIFT,
PERSONAL,YT,SGD,SWIFT,
COMPANY,YT,SGD,SWIFT,
PERSONAL,ZA,EUR,SWIFT,
COMPANY,ZA,EUR,SWIFT,
PERSONAL,BG,CHF,SWIFT,
COMPANY,BG,CHF,SWIFT,
PERSONAL,CA,USD,SWIFT,
COMPANY,CA,USD,SWIFT,
PERSONAL,CY,EUR,LOCAL SWIFT,
COMPANY,CY,EUR,LOCAL SWIFT,
PERSONAL,DK,GBP,SWIFT,
COMPANY,DK,GBP,SWIFT,
PERSONAL,DM,HKD,SWIFT,
COMPANY,DM,HKD,SWIFT,
PERSONAL,ES,EUR,LOCAL SWIFT,
COMPANY,ES,EUR,LOCAL SWIFT,
PERSONAL,FJ,CNY,SWIFT,
COMPANY,FJ,CNY,SWIFT,
PERSONAL,HU,HKD,SWIFT,
COMPANY,HU,HKD,SWIFT,
PERSONAL,ID,SGD,SWIFT,
COMPANY,ID,SGD,SWIFT,
PERSONAL,IN,NZD,SWIFT,
COMPANY,IN,NZD,SWIFT,
PERSONAL,IS,GBP,SWIFT,
COMPANY,IS,GBP,SWIFT,
PERSONAL,IS,USD,SWIFT,
COMPANY,IS,USD,SWIFT,
PERSONAL,IT,AUD,SWIFT,
COMPANY,IT,AUD,SWIFT,
PERSONAL,JM,SGD,SWIFT,
COMPANY,JM,SGD,SWIFT,
PERSONAL,JP,THB,SWIFT,
COMPANY,JP,THB,SWIFT,
PERSONAL,KG,EUR,SWIFT,
COMPANY,KG,EUR,SWIFT,
PERSONAL,KH,AUD,SWIFT,
COMPANY,KH,AUD,SWIFT,
PERSONAL,LU,CNY,SWIFT,
COMPANY,LU,CNY,SWIFT,
PERSONAL,MC,SGD,SWIFT,
COMPANY,MC,SGD,SWIFT,
PERSONAL,MT,CAD,SWIFT,
COMPANY,MT,CAD,SWIFT,
PERSONAL,MY,GBP,SWIFT,
COMPANY,MY,GBP,SWIFT,
PERSONAL,NA,CHF,SWIFT,
COMPANY,NA,CHF,SWIFT,
PERSONAL,OM,NZD,SWIFT,
COMPANY,OM,NZD,SWIFT,
PERSONAL,PE,CAD,SWIFT,
COMPANY,PE,CAD,SWIFT,
PERSONAL,PH,GBP,SWIFT,
COMPANY,PH,GBP,SWIFT,
PERSONAL,PL,CAD,SWIFT,
COMPANY,PL,CAD,SWIFT,
PERSONAL,PT,HKD,SWIFT,
COMPANY,PT,HKD,SWIFT,
PERSONAL,QA,NZD,SWIFT,
COMPANY,QA,NZD,SWIFT,
PERSONAL,SC,THB,SWIFT,
COMPANY,SC,THB,SWIFT,
PERSONAL,SE,CHF,SWIFT,
COMPANY,SE,CHF,SWIFT,
PERSONAL,SG,CHF,SWIFT,
COMPANY,SG,CHF,SWIFT,
PERSONAL,SI,SGD,SWIFT,
COMPANY,SI,SGD,SWIFT,
PERSONAL,SK,CAD,SWIFT,
COMPANY,SK,CAD,SWIFT,
PERSONAL,SK,HKD,SWIFT,
COMPANY,SK,HKD,SWIFT,
PERSONAL,SM,CHF,SWIFT,
COMPANY,SM,CHF,SWIFT,
PERSONAL,SV,CHF,SWIFT,
COMPANY,SV,CHF,SWIFT,
PERSONAL,TW,EUR,SWIFT,
COMPANY,TW,EUR,SWIFT,
PERSONAL,UA,JPY,SWIFT,
COMPANY,UA,JPY,SWIFT,
PERSONAL,UZ,JPY,SWIFT,
COMPANY,UZ,JPY,SWIFT,
PERSONAL,VN,EUR,SWIFT,
COMPANY,VN,EUR,SWIFT,
PERSONAL,AU,CNY,SWIFT,
COMPANY,AU,CNY,SWIFT,
PERSONAL,BA,USD,SWIFT,
COMPANY,BA,USD,SWIFT,
PERSONAL,BD,HKD,SWIFT,
COMPANY,BD,HKD,SWIFT,
PERSONAL,BH,AUD,SWIFT,
COMPANY,BH,AUD,SWIFT,
PERSONAL,CA,THB,SWIFT,
COMPANY,CA,THB,SWIFT,
PERSONAL,CR,CNY,SWIFT,
COMPANY,CR,CNY,SWIFT,
PERSONAL,CR,THB,SWIFT,
COMPANY,CR,THB,SWIFT,
PERSONAL,DZ,GBP,SWIFT,
COMPANY,DZ,GBP,SWIFT,
PERSONAL,DZ,NZD,SWIFT,
COMPANY,DZ,NZD,SWIFT,
PERSONAL,EG,USD,SWIFT,
COMPANY,EG,USD,SWIFT,
PERSONAL,GD,THB,SWIFT,
COMPANY,GD,THB,SWIFT,
PERSONAL,GE,AUD,SWIFT,
COMPANY,GE,AUD,SWIFT,
PERSONAL,HN,CAD,SWIFT,
COMPANY,HN,CAD,SWIFT,
PERSONAL,IT,EUR,LOCAL SWIFT,
COMPANY,IT,EUR,LOCAL SWIFT,
PERSONAL,JE,JPY,SWIFT,
COMPANY,JE,JPY,SWIFT,
PERSONAL,KR,AUD,SWIFT,
COMPANY,KR,AUD,SWIFT,
PERSONAL,KR,THB,SWIFT,
COMPANY,KR,THB,SWIFT,
PERSONAL,KW,CNY,SWIFT,
COMPANY,KW,CNY,SWIFT,
PERSONAL,KW,SGD,SWIFT,
COMPANY,KW,SGD,SWIFT,
PERSONAL,LB,AUD,SWIFT,
COMPANY,LB,AUD,SWIFT,
PERSONAL,LT,GBP,SWIFT,
COMPANY,LT,GBP,SWIFT,
PERSONAL,MC,JPY,SWIFT,
COMPANY,MC,JPY,SWIFT,
PERSONAL,NI,CHF,SWIFT,
COMPANY,NI,CHF,SWIFT,
PERSONAL,NO,EUR,LOCAL SWIFT,
COMPANY,NO,EUR,LOCAL SWIFT,
PERSONAL,NO,USD,SWIFT,
COMPANY,NO,USD,SWIFT,
PERSONAL,PA,USD,SWIFT,
COMPANY,PA,USD,SWIFT,
PERSONAL,RU,JPY,SWIFT,
COMPANY,RU,JPY,SWIFT,
PERSONAL,TN,CAD,SWIFT,
COMPANY,TN,CAD,SWIFT,
PERSONAL,TR,JPY,SWIFT,
COMPANY,TR,JPY,SWIFT,
PERSONAL,US,AUD,SWIFT,
COMPANY,US,AUD,SWIFT,
PERSONAL,ZA,HKD,SWIFT,
COMPANY,ZA,HKD,SWIFT,
PERSONAL,ZM,CNY,SWIFT,
COMPANY,ZM,CNY,SWIFT,
PERSONAL,AG,EUR,SWIFT,
COMPANY,AG,EUR,SWIFT,
PERSONAL,BD,SGD,SWIFT,
COMPANY,BD,SGD,SWIFT,
PERSONAL,BO,CHF,SWIFT,
COMPANY,BO,CHF,SWIFT,
PERSONAL,BR,CHF,SWIFT,
COMPANY,BR,CHF,SWIFT,
PERSONAL,BZ,EUR,SWIFT,
COMPANY,BZ,EUR,SWIFT,
PERSONAL,CW,SGD,SWIFT,
COMPANY,CW,SGD,SWIFT,
PERSONAL,ES,GBP,SWIFT,
COMPANY,ES,GBP,SWIFT,
PERSONAL,GB,USD,SWIFT,
COMPANY,GB,USD,SWIFT,
PERSONAL,GQ,CHF,SWIFT,
COMPANY,GQ,CHF,SWIFT,
PERSONAL,GT,NZD,SWIFT,
COMPANY,GT,NZD,SWIFT,
PERSONAL,HK,CNY,LOCAL,ACH
PERSONAL,HK,CNY,LOCAL,FPS
PERSONAL,HK,CNY,LOCAL,RTGS
COMPANY,HK,CNY,LOCAL,ACH
COMPANY,HK,CNY,LOCAL,FPS
COMPANY,HK,CNY,LOCAL,RTGS
COMPANY,HK,CNY,SWIFT,
PERSONAL,HK,CNY,SWIFT,
PERSONAL,HK,NZD,SWIFT,
COMPANY,HK,NZD,SWIFT,
PERSONAL,HR,CAD,SWIFT,
COMPANY,HR,CAD,SWIFT,
PERSONAL,ID,JPY,SWIFT,
COMPANY,ID,JPY,SWIFT,
PERSONAL,IL,SGD,SWIFT,
COMPANY,IL,SGD,SWIFT,
PERSONAL,IM,THB,SWIFT,
COMPANY,IM,THB,SWIFT,
PERSONAL,IN,HKD,SWIFT,
COMPANY,IN,HKD,SWIFT,
PERSONAL,IN,SGD,SWIFT,
COMPANY,IN,SGD,SWIFT,
PERSONAL,IS,EUR,LOCAL SWIFT,
COMPANY,IS,EUR,LOCAL SWIFT,
PERSONAL,IS,SGD,SWIFT,
COMPANY,IS,SGD,SWIFT,
PERSONAL,JM,THB,SWIFT,
COMPANY,JM,THB,SWIFT,
PERSONAL,JO,SGD,SWIFT,
COMPANY,JO,SGD,SWIFT,
PERSONAL,KZ,NZD,SWIFT,
COMPANY,KZ,NZD,SWIFT,
PERSONAL,LK,HKD,SWIFT,
COMPANY,LK,HKD,SWIFT,
PERSONAL,LT,CNY,SWIFT,
COMPANY,LT,CNY,SWIFT,
PERSONAL,MA,AUD,SWIFT,
COMPANY,MA,AUD,SWIFT,
PERSONAL,MC,CNY,SWIFT,
COMPANY,MC,CNY,SWIFT,
PERSONAL,MT,AUD,SWIFT,
COMPANY,MT,AUD,SWIFT,
PERSONAL,MT,NZD,SWIFT,
COMPANY,MT,NZD,SWIFT,
PERSONAL,MX,CNY,SWIFT,
COMPANY,MX,CNY,SWIFT,
PERSONAL,MY,EUR,SWIFT,
COMPANY,MY,EUR,SWIFT,
PERSONAL,MY,USD,SWIFT,
COMPANY,MY,USD,SWIFT,
PERSONAL,NA,SGD,SWIFT,
COMPANY,NA,SGD,SWIFT,
PERSONAL,PH,NZD,SWIFT,
COMPANY,PH,NZD,SWIFT,
PERSONAL,PK,SGD,SWIFT,
COMPANY,PK,SGD,SWIFT,
PERSONAL,TJ,EUR,SWIFT,
COMPANY,TJ,EUR,SWIFT,
PERSONAL,UZ,CNY,SWIFT,
COMPANY,UZ,CNY,SWIFT,
PERSONAL,ZM,GBP,SWIFT,
COMPANY,ZM,GBP,SWIFT,
PERSONAL,ZM,CHF,SWIFT,
COMPANY,ZM,CHF,SWIFT,
PERSONAL,AE,CNY,SWIFT,
COMPANY,AE,CNY,SWIFT,
PERSONAL,AL,GBP,SWIFT,
COMPANY,AL,GBP,SWIFT,
PERSONAL,AO,CAD,SWIFT,
COMPANY,AO,CAD,SWIFT,
PERSONAL,AR,CAD,SWIFT,
COMPANY,AR,CAD,SWIFT,
PERSONAL,AT,THB,SWIFT,
COMPANY,AT,THB,SWIFT,
PERSONAL,BH,CAD,SWIFT,
COMPANY,BH,CAD,SWIFT,
PERSONAL,BH,SGD,SWIFT,
COMPANY,BH,SGD,SWIFT,
PERSONAL,BR,CAD,SWIFT,
COMPANY,BR,CAD,SWIFT,
PERSONAL,CL,AUD,SWIFT,
COMPANY,CL,AUD,SWIFT,
PERSONAL,DM,EUR,SWIFT,
COMPANY,DM,EUR,SWIFT,
PERSONAL,DZ,EUR,SWIFT,
COMPANY,DZ,EUR,SWIFT,
PERSONAL,EC,THB,SWIFT,
COMPANY,EC,THB,SWIFT,
PERSONAL,EE,USD,SWIFT,
COMPANY,EE,USD,SWIFT,
PERSONAL,EG,THB,SWIFT,
COMPANY,EG,THB,SWIFT,
PERSONAL,ES,HKD,SWIFT,
COMPANY,ES,HKD,SWIFT,
PERSONAL,ES,NZD,SWIFT,
COMPANY,ES,NZD,SWIFT,
PERSONAL,GE,SGD,SWIFT,
COMPANY,GE,SGD,SWIFT,
PERSONAL,GG,CHF,SWIFT,
COMPANY,GG,CHF,SWIFT,
PERSONAL,GI,NZD,SWIFT,
COMPANY,GI,NZD,SWIFT,
PERSONAL,IM,JPY,SWIFT,
COMPANY,IM,JPY,SWIFT,
PERSONAL,KW,AUD,SWIFT,
COMPANY,KW,AUD,SWIFT,
PERSONAL,LI,CAD,SWIFT,
COMPANY,LI,CAD,SWIFT,
PERSONAL,LU,NZD,SWIFT,
COMPANY,LU,NZD,SWIFT,
PERSONAL,LV,EUR,LOCAL SWIFT,
COMPANY,LV,EUR,LOCAL SWIFT,
PERSONAL,MC,CAD,SWIFT,
COMPANY,MC,CAD,SWIFT,
PERSONAL,MC,USD,SWIFT,
COMPANY,MC,USD,SWIFT,
PERSONAL,ME,CAD,SWIFT,
COMPANY,ME,CAD,SWIFT,
PERSONAL,MT,USD,SWIFT,
COMPANY,MT,USD,SWIFT,
PERSONAL,MX,HKD,SWIFT,
COMPANY,MX,HKD,SWIFT,
PERSONAL,MX,NZD,SWIFT,
COMPANY,MX,NZD,SWIFT,
PERSONAL,NA,GBP,SWIFT,
COMPANY,NA,GBP,SWIFT,
PERSONAL,NA,NZD,SWIFT,
COMPANY,NA,NZD,SWIFT,
PERSONAL,NL,JPY,SWIFT,
COMPANY,NL,JPY,SWIFT,
PERSONAL,VU,AUD,SWIFT,
COMPANY,VU,AUD,SWIFT,
PERSONAL,VU,SGD,SWIFT,
COMPANY,VU,SGD,SWIFT,
PERSONAL,AO,USD,SWIFT,
COMPANY,AO,USD,SWIFT,
PERSONAL,AT,EUR,LOCAL SWIFT,
COMPANY,AT,EUR,LOCAL SWIFT,
PERSONAL,BE,CAD,SWIFT,
COMPANY,BE,CAD,SWIFT,
PERSONAL,CN,NZD,SWIFT,
COMPANY,CN,NZD,SWIFT,
PERSONAL,CN,USD,SWIFT,
COMPANY,CN,USD,SWIFT,
PERSONAL,CR,CHF,SWIFT,
COMPANY,CR,CHF,SWIFT,
PERSONAL,CW,EUR,SWIFT,
COMPANY,CW,EUR,SWIFT,
PERSONAL,DK,EUR,LOCAL SWIFT,
COMPANY,DK,EUR,LOCAL SWIFT,
PERSONAL,EE,HKD,SWIFT,
COMPANY,EE,HKD,SWIFT,
PERSONAL,FI,JPY,SWIFT,
COMPANY,FI,JPY,SWIFT,
PERSONAL,FI,CHF,SWIFT,
COMPANY,FI,CHF,SWIFT,
PERSONAL,FR,CNY,SWIFT,
COMPANY,FR,CNY,SWIFT,
PERSONAL,FR,SGD,SWIFT,
COMPANY,FR,SGD,SWIFT,
PERSONAL,GT,GBP,SWIFT,
COMPANY,GT,GBP,SWIFT,
PERSONAL,GY,CAD,SWIFT,
COMPANY,GY,CAD,SWIFT,
PERSONAL,IE,THB,SWIFT,
COMPANY,IE,THB,SWIFT,
PERSONAL,IL,NZD,SWIFT,
COMPANY,IL,NZD,SWIFT,
PERSONAL,IT,THB,SWIFT,
COMPANY,IT,THB,SWIFT,
PERSONAL,LU,CAD,SWIFT,
COMPANY,LU,CAD,SWIFT,
PERSONAL,LU,JPY,SWIFT,
COMPANY,LU,JPY,SWIFT,
PERSONAL,LU,THB,SWIFT,
COMPANY,LU,THB,SWIFT,
PERSONAL,MA,CNY,SWIFT,
COMPANY,MA,CNY,SWIFT,
PERSONAL,MO,GBP,SWIFT,
COMPANY,MO,GBP,SWIFT,
PERSONAL,PE,HKD,SWIFT,
COMPANY,PE,HKD,SWIFT,
PERSONAL,PT,SGD,SWIFT,
COMPANY,PT,SGD,SWIFT,
PERSONAL,PY,EUR,SWIFT,
COMPANY,PY,EUR,SWIFT,
PERSONAL,SC,USD,SWIFT,
COMPANY,SC,USD,SWIFT,
PERSONAL,TZ,HKD,SWIFT,
COMPANY,TZ,HKD,SWIFT,
PERSONAL,TW,SGD,SWIFT,
COMPANY,TW,SGD,SWIFT,
PERSONAL,UA,GBP,SWIFT,
COMPANY,UA,GBP,SWIFT,
PERSONAL,AD,GBP,SWIFT,
COMPANY,AD,GBP,SWIFT,
PERSONAL,AT,HKD,SWIFT,
COMPANY,AT,HKD,SWIFT,
PERSONAL,AT,NZD,SWIFT,
COMPANY,AT,NZD,SWIFT,
PERSONAL,BD,AUD,SWIFT,
COMPANY,BD,AUD,SWIFT,
PERSONAL,BD,USD,SWIFT,
COMPANY,BD,USD,SWIFT,
PERSONAL,BG,SGD,SWIFT,
COMPANY,BG,SGD,SWIFT,
PERSONAL,BH,CNY,SWIFT,
COMPANY,BH,CNY,SWIFT,
PERSONAL,BH,THB,SWIFT,
COMPANY,BH,THB,SWIFT,
PERSONAL,DZ,HKD,SWIFT,
COMPANY,DZ,HKD,SWIFT,
PERSONAL,GY,CHF,SWIFT,
COMPANY,GY,CHF,SWIFT,
PERSONAL,IE,HKD,SWIFT,
COMPANY,IE,HKD,SWIFT,
PERSONAL,JP,CHF,SWIFT,
COMPANY,JP,CHF,SWIFT,
PERSONAL,KE,CAD,SWIFT,
COMPANY,KE,CAD,SWIFT,
PERSONAL,LB,CAD,SWIFT,
COMPANY,LB,CAD,SWIFT,
PERSONAL,LK,CNY,SWIFT,
COMPANY,LK,CNY,SWIFT,
PERSONAL,NZ,CAD,SWIFT,
COMPANY,NZ,CAD,SWIFT,
PERSONAL,PL,CNY,SWIFT,
COMPANY,PL,CNY,SWIFT,
PERSONAL,PM,USD,SWIFT,
COMPANY,PM,USD,SWIFT,
PERSONAL,PR,HKD,SWIFT,
COMPANY,PR,HKD,SWIFT,
PERSONAL,RO,CAD,SWIFT,
COMPANY,RO,CAD,SWIFT,
PERSONAL,RO,JPY,SWIFT,
COMPANY,RO,JPY,SWIFT,
PERSONAL,RS,JPY,SWIFT,
COMPANY,RS,JPY,SWIFT,
PERSONAL,SC,NZD,SWIFT,
COMPANY,SC,NZD,SWIFT,
PERSONAL,SC,CHF,SWIFT,
COMPANY,SC,CHF,SWIFT,
PERSONAL,SE,EUR,LOCAL SWIFT,
COMPANY,SE,EUR,LOCAL SWIFT,
PERSONAL,TR,HKD,SWIFT,
COMPANY,TR,HKD,SWIFT,
PERSONAL,TW,CAD,SWIFT,
COMPANY,TW,CAD,SWIFT,
PERSONAL,UZ,THB,SWIFT,
COMPANY,UZ,THB,SWIFT,
PERSONAL,ZM,EUR,SWIFT,
COMPANY,ZM,EUR,SWIFT,
PERSONAL,AD,EUR,SWIFT,
COMPANY,AD,EUR,SWIFT,
PERSONAL,AL,NZD,SWIFT,
COMPANY,AL,NZD,SWIFT,
PERSONAL,AL,CHF,SWIFT,
COMPANY,AL,CHF,SWIFT,
PERSONAL,AM,GBP,SWIFT,
COMPANY,AM,GBP,SWIFT,
PERSONAL,AW,AUD,SWIFT,
COMPANY,AW,AUD,SWIFT,
PERSONAL,AZ,THB,SWIFT,
COMPANY,AZ,THB,SWIFT,
PERSONAL,BA,CNY,SWIFT,
COMPANY,BA,CNY,SWIFT,
PERSONAL,BE,CNY,SWIFT,
COMPANY,BE,CNY,SWIFT,
PERSONAL,CH,HKD,SWIFT,
COMPANY,CH,HKD,SWIFT,
PERSONAL,CH,THB,SWIFT,
COMPANY,CH,THB,SWIFT,
PERSONAL,CY,NZD,SWIFT,
COMPANY,CY,NZD,SWIFT,
PERSONAL,EG,CNY,SWIFT,
COMPANY,EG,CNY,SWIFT,
PERSONAL,GE,THB,SWIFT,
COMPANY,GE,THB,SWIFT,
PERSONAL,GT,CNY,SWIFT,
COMPANY,GT,CNY,SWIFT,
PERSONAL,HK,AUD,SWIFT,
COMPANY,HK,AUD,SWIFT,
PERSONAL,HR,HKD,SWIFT,
COMPANY,HR,HKD,SWIFT,
PERSONAL,HR,NZD,SWIFT,
COMPANY,HR,NZD,SWIFT,
PERSONAL,HU,EUR,LOCAL SWIFT,
COMPANY,HU,EUR,LOCAL SWIFT,
PERSONAL,KE,CNY,SWIFT,
COMPANY,KE,CNY,SWIFT,
PERSONAL,KE,NZD,SWIFT,
COMPANY,KE,NZD,SWIFT,
PERSONAL,KG,CNY,SWIFT,
COMPANY,KG,CNY,SWIFT,
PERSONAL,KH,HKD,SWIFT,
COMPANY,KH,HKD,SWIFT,
PERSONAL,KH,THB,SWIFT,
COMPANY,KH,THB,SWIFT,
PERSONAL,KR,USD,SWIFT,
COMPANY,KR,USD,SWIFT,
PERSONAL,LT,JPY,SWIFT,
COMPANY,LT,JPY,SWIFT,
PERSONAL,MC,AUD,SWIFT,
COMPANY,MC,AUD,SWIFT,
PERSONAL,MD,CHF,SWIFT,
COMPANY,MD,CHF,SWIFT,
PERSONAL,ME,EUR,SWIFT,
COMPANY,ME,EUR,SWIFT,
PERSONAL,MT,THB,SWIFT,
COMPANY,MT,THB,SWIFT,
PERSONAL,MU,CNY,SWIFT,
COMPANY,MU,CNY,SWIFT,
PERSONAL,MU,SGD,SWIFT,
COMPANY,MU,SGD,SWIFT,
PERSONAL,MY,THB,SWIFT,
COMPANY,MY,THB,SWIFT,
PERSONAL,NA,CNY,SWIFT,
COMPANY,NA,CNY,SWIFT,
PERSONAL,NO,JPY,SWIFT,
COMPANY,NO,JPY,SWIFT,
PERSONAL,NP,AUD,SWIFT,
COMPANY,NP,AUD,SWIFT,
PERSONAL,NP,SGD,SWIFT,
COMPANY,NP,SGD,SWIFT,
PERSONAL,NZ,USD,SWIFT,
COMPANY,NZ,USD,SWIFT,
PERSONAL,OM,EUR,SWIFT,
COMPANY,OM,EUR,SWIFT,
PERSONAL,RS,EUR,SWIFT,
COMPANY,RS,EUR,SWIFT,
PERSONAL,SM,THB,SWIFT,
COMPANY,SM,THB,SWIFT,
PERSONAL,SV,THB,SWIFT,
COMPANY,SV,THB,SWIFT,
PERSONAL,TH,NZD,SWIFT,
COMPANY,TH,NZD,SWIFT,
PERSONAL,TJ,HKD,SWIFT,
COMPANY,TJ,HKD,SWIFT,
PERSONAL,TJ,JPY,SWIFT,
COMPANY,TJ,JPY,SWIFT,
PERSONAL,AD,CAD,SWIFT,
COMPANY,AD,CAD,SWIFT,
PERSONAL,AG,GBP,SWIFT,
COMPANY,AG,GBP,SWIFT,
PERSONAL,AW,CAD,SWIFT,
COMPANY,AW,CAD,SWIFT,
PERSONAL,AW,JPY,SWIFT,
COMPANY,AW,JPY,SWIFT,
PERSONAL,BR,GBP,SWIFT,
COMPANY,BR,GBP,SWIFT,
PERSONAL,CH,CAD,SWIFT,
COMPANY,CH,CAD,SWIFT,
PERSONAL,CW,NZD,SWIFT,
COMPANY,CW,NZD,SWIFT,
PERSONAL,ES,CHF,SWIFT,
COMPANY,ES,CHF,SWIFT,
PERSONAL,FR,AUD,SWIFT,
COMPANY,FR,AUD,SWIFT,
PERSONAL,GB,EUR,LOCAL SWIFT,
COMPANY,GB,EUR,LOCAL SWIFT,
PERSONAL,GE,GBP,SWIFT,
COMPANY,GE,GBP,SWIFT,
PERSONAL,GI,JPY,SWIFT,
COMPANY,GI,JPY,SWIFT,
PERSONAL,GT,CHF,SWIFT,
COMPANY,GT,CHF,SWIFT,
PERSONAL,GY,CNY,SWIFT,
COMPANY,GY,CNY,SWIFT,
PERSONAL,HK,CAD,SWIFT,
COMPANY,HK,CAD,SWIFT,
PERSONAL,HU,CAD,SWIFT,
COMPANY,HU,CAD,SWIFT,
PERSONAL,IE,CHF,SWIFT,
COMPANY,IE,CHF,SWIFT,
PERSONAL,IS,AUD,SWIFT,
COMPANY,IS,AUD,SWIFT,
PERSONAL,LV,NZD,SWIFT,
COMPANY,LV,NZD,SWIFT,
PERSONAL,MT,JPY,SWIFT,
COMPANY,MT,JPY,SWIFT,
PERSONAL,MT,SGD,SWIFT,
COMPANY,MT,SGD,SWIFT,
PERSONAL,OM,JPY,SWIFT,
COMPANY,OM,JPY,SWIFT,
PERSONAL,PA,CAD,SWIFT,
COMPANY,PA,CAD,SWIFT,
PERSONAL,PL,SGD,SWIFT,
COMPANY,PL,SGD,SWIFT,
PERSONAL,SV,USD,SWIFT,
COMPANY,SV,USD,SWIFT,
PERSONAL,TH,AUD,SWIFT,
COMPANY,TH,AUD,SWIFT,
PERSONAL,TH,THB,LOCAL SWIFT,
COMPANY,TH,THB,LOCAL SWIFT,
PERSONAL,TJ,CAD,SWIFT,
COMPANY,TJ,CAD,SWIFT,
PERSONAL,TZ,NZD,SWIFT,
COMPANY,TZ,NZD,SWIFT,
PERSONAL,UG,CAD,SWIFT,
COMPANY,UG,CAD,SWIFT,
PERSONAL,AZ,EUR,SWIFT,
COMPANY,AZ,EUR,SWIFT,
PERSONAL,BD,CNY,SWIFT,
COMPANY,BD,CNY,SWIFT,
PERSONAL,BG,JPY,SWIFT,
COMPANY,BG,JPY,SWIFT,
PERSONAL,EE,SGD,SWIFT,
COMPANY,EE,SGD,SWIFT,
PERSONAL,GG,CAD,SWIFT,
COMPANY,GG,CAD,SWIFT,
PERSONAL,GI,CAD,SWIFT,
COMPANY,GI,CAD,SWIFT,
PERSONAL,GY,AUD,SWIFT,
COMPANY,GY,AUD,SWIFT,
PERSONAL,GY,GBP,SWIFT,
COMPANY,GY,GBP,SWIFT,
PERSONAL,IL,CNY,SWIFT,
COMPANY,IL,CNY,SWIFT,
PERSONAL,IM,AUD,SWIFT,
COMPANY,IM,AUD,SWIFT,
PERSONAL,JO,CAD,SWIFT,
COMPANY,JO,CAD,SWIFT,
PERSONAL,KG,GBP,SWIFT,
COMPANY,KG,GBP,SWIFT,
PERSONAL,KG,SGD,SWIFT,
COMPANY,KG,SGD,SWIFT,
PERSONAL,KH,NZD,SWIFT,
COMPANY,KH,NZD,SWIFT,
PERSONAL,KZ,EUR,SWIFT,
COMPANY,KZ,EUR,SWIFT,
PERSONAL,LB,CNY,SWIFT,
COMPANY,LB,CNY,SWIFT,
PERSONAL,LB,THB,SWIFT,
COMPANY,LB,THB,SWIFT,
PERSONAL,LI,EUR,LOCAL SWIFT,
COMPANY,LI,EUR,LOCAL SWIFT,
PERSONAL,LU,HKD,SWIFT,
COMPANY,LU,HKD,SWIFT,
PERSONAL,MK,EUR,SWIFT,
COMPANY,MK,EUR,SWIFT,
PERSONAL,MT,EUR,LOCAL SWIFT,
COMPANY,MT,EUR,LOCAL SWIFT,
PERSONAL,MT,CHF,SWIFT,
COMPANY,MT,CHF,SWIFT,
PERSONAL,MV,CNY,SWIFT,
COMPANY,MV,CNY,SWIFT,
PERSONAL,NG,HKD,SWIFT,
COMPANY,NG,HKD,SWIFT,
PERSONAL,NI,GBP,SWIFT,
COMPANY,NI,GBP,SWIFT,
PERSONAL,NL,CNY,SWIFT,
COMPANY,NL,CNY,SWIFT,
PERSONAL,NO,NZD,SWIFT,
COMPANY,NO,NZD,SWIFT,
PERSONAL,NO,CHF,SWIFT,
COMPANY,NO,CHF,SWIFT,
PERSONAL,NP,NZD,SWIFT,
COMPANY,NP,NZD,SWIFT,
PERSONAL,PF,THB,SWIFT,
COMPANY,PF,THB,SWIFT,
PERSONAL,PT,GBP,SWIFT,
COMPANY,PT,GBP,SWIFT,
PERSONAL,TH,HKD,SWIFT,
COMPANY,TH,HKD,SWIFT,
PERSONAL,UA,AUD,SWIFT,
COMPANY,UA,AUD,SWIFT,
PERSONAL,US,JPY,SWIFT,
COMPANY,US,JPY,SWIFT,
PERSONAL,UZ,GBP,SWIFT,
COMPANY,UZ,GBP,SWIFT,
PERSONAL,VN,GBP,SWIFT,
COMPANY,VN,GBP,SWIFT,
PERSONAL,VU,NZD,SWIFT,
COMPANY,VU,NZD,SWIFT,
PERSONAL,AE,CAD,SWIFT,
COMPANY,AE,CAD,SWIFT,
PERSONAL,AN,GBP,SWIFT,
COMPANY,AN,GBP,SWIFT,
PERSONAL,BG,USD,SWIFT,
COMPANY,BG,USD,SWIFT,
PERSONAL,CA,AUD,SWIFT,
COMPANY,CA,AUD,SWIFT,
PERSONAL,CO,CNY,SWIFT,
COMPANY,CO,CNY,SWIFT,
PERSONAL,CO,HKD,SWIFT,
COMPANY,CO,HKD,SWIFT,
PERSONAL,CO,SGD,SWIFT,
COMPANY,CO,SGD,SWIFT,
PERSONAL,CR,JPY,SWIFT,
COMPANY,CR,JPY,SWIFT,
PERSONAL,CZ,CHF,SWIFT,
COMPANY,CZ,CHF,SWIFT,
PERSONAL,DE,EUR,LOCAL SWIFT,
COMPANY,DE,EUR,LOCAL SWIFT,
PERSONAL,DZ,CAD,SWIFT,
COMPANY,DZ,CAD,SWIFT,
PERSONAL,DZ,JPY,SWIFT,
COMPANY,DZ,JPY,SWIFT,
PERSONAL,DZ,THB,SWIFT,
COMPANY,DZ,THB,SWIFT,
PERSONAL,ES,CAD,SWIFT,
COMPANY,ES,CAD,SWIFT,
PERSONAL,ES,JPY,SWIFT,
COMPANY,ES,JPY,SWIFT,
PERSONAL,FI,NZD,SWIFT,
COMPANY,FI,NZD,SWIFT,
PERSONAL,FJ,THB,SWIFT,
COMPANY,FJ,THB,SWIFT,
PERSONAL,FR,CHF,SWIFT,
COMPANY,FR,CHF,SWIFT,
PERSONAL,GB,CHF,SWIFT,
COMPANY,GB,CHF,SWIFT,
PERSONAL,GD,HKD,SWIFT,
COMPANY,GD,HKD,SWIFT,
PERSONAL,GI,EUR,SWIFT,
COMPANY,GI,EUR,SWIFT,
PERSONAL,GQ,NZD,SWIFT,
COMPANY,GQ,NZD,SWIFT,
PERSONAL,HK,GBP,SWIFT,
COMPANY,HK,GBP,SWIFT,
PERSONAL,JM,EUR,SWIFT,
COMPANY,JM,EUR,SWIFT,
PERSONAL,JM,JPY,SWIFT,
COMPANY,JM,JPY,SWIFT,
PERSONAL,JP,HKD,SWIFT,
COMPANY,JP,HKD,SWIFT,
PERSONAL,KG,CAD,SWIFT,
COMPANY,KG,CAD,SWIFT,
PERSONAL,LU,EUR,LOCAL SWIFT,
COMPANY,LU,EUR,LOCAL SWIFT,
PERSONAL,LV,AUD,SWIFT,
COMPANY,LV,AUD,SWIFT,
PERSONAL,LV,SGD,SWIFT,
COMPANY,LV,SGD,SWIFT,
PERSONAL,LV,USD,SWIFT,
COMPANY,LV,USD,SWIFT,
PERSONAL,MA,CAD,SWIFT,
COMPANY,MA,CAD,SWIFT,
PERSONAL,MK,JPY,SWIFT,
COMPANY,MK,JPY,SWIFT,
PERSONAL,MV,JPY,SWIFT,
COMPANY,MV,JPY,SWIFT,
PERSONAL,MV,USD,SWIFT,
COMPANY,MV,USD,SWIFT,
PERSONAL,NP,JPY,SWIFT,
COMPANY,NP,JPY,SWIFT,
PERSONAL,PR,EUR,SWIFT,
COMPANY,PR,EUR,SWIFT,
PERSONAL,QA,JPY,SWIFT,
COMPANY,QA,JPY,SWIFT,
PERSONAL,RO,NZD,SWIFT,
COMPANY,RO,NZD,SWIFT,
PERSONAL,RS,USD,SWIFT,
COMPANY,RS,USD,SWIFT,
PERSONAL,RU,AUD,SWIFT,
COMPANY,RU,AUD,SWIFT,
PERSONAL,SE,HKD,SWIFT,
COMPANY,SE,HKD,SWIFT,
PERSONAL,YT,CAD,SWIFT,
COMPANY,YT,CAD,SWIFT,
PERSONAL,AR,SGD,SWIFT,
COMPANY,AR,SGD,SWIFT,
PERSONAL,AT,CNY,SWIFT,
COMPANY,AT,CNY,SWIFT,
PERSONAL,BA,SGD,SWIFT,
COMPANY,BA,SGD,SWIFT,
PERSONAL,BO,JPY,SWIFT,
COMPANY,BO,JPY,SWIFT,
PERSONAL,CW,JPY,SWIFT,
COMPANY,CW,JPY,SWIFT,
PERSONAL,DE,SGD,SWIFT,
COMPANY,DE,SGD,SWIFT,
PERSONAL,DK,SGD,SWIFT,
COMPANY,DK,SGD,SWIFT,
PERSONAL,DM,CAD,SWIFT,
COMPANY,DM,CAD,SWIFT,
PERSONAL,LI,GBP,SWIFT,
COMPANY,LI,GBP,SWIFT,
PERSONAL,LK,NZD,SWIFT,
COMPANY,LK,NZD,SWIFT,
PERSONAL,NA,CAD,SWIFT,
COMPANY,NA,CAD,SWIFT,
PERSONAL,NA,THB,SWIFT,
COMPANY,NA,THB,SWIFT,
PERSONAL,NG,CAD,SWIFT,
COMPANY,NG,CAD,SWIFT,
PERSONAL,NL,AUD,SWIFT,
COMPANY,NL,AUD,SWIFT,
PERSONAL,OM,CNY,SWIFT,
COMPANY,OM,CNY,SWIFT,
PERSONAL,PA,EUR,SWIFT,
COMPANY,PA,EUR,SWIFT,
PERSONAL,PA,SGD,SWIFT,
COMPANY,PA,SGD,SWIFT,
PERSONAL,PE,NZD,SWIFT,
COMPANY,PE,NZD,SWIFT,
PERSONAL,PE,CHF,SWIFT,
COMPANY,PE,CHF,SWIFT,
PERSONAL,PF,GBP,SWIFT,
COMPANY,PF,GBP,SWIFT,
PERSONAL,VN,JPY,SWIFT,
COMPANY,VN,JPY,SWIFT,
PERSONAL,VU,CNY,SWIFT,
COMPANY,VU,CNY,SWIFT,
PERSONAL,AO,AUD,SWIFT,
COMPANY,AO,AUD,SWIFT,
PERSONAL,AR,USD,SWIFT,
COMPANY,AR,USD,SWIFT,
PERSONAL,BA,GBP,SWIFT,
COMPANY,BA,GBP,SWIFT,
PERSONAL,BG,CAD,SWIFT,
COMPANY,BG,CAD,SWIFT,
PERSONAL,EC,SGD,SWIFT,
COMPANY,EC,SGD,SWIFT,
PERSONAL,EC,CHF,SWIFT,
COMPANY,EC,CHF,SWIFT,
PERSONAL,EE,GBP,SWIFT,
COMPANY,EE,GBP,SWIFT,
PERSONAL,FI,AUD,SWIFT,
COMPANY,FI,AUD,SWIFT,
PERSONAL,FI,HKD,SWIFT,
COMPANY,FI,HKD,SWIFT,
PERSONAL,GB,GBP,LOCAL SWIFT,
COMPANY,GB,GBP,LOCAL SWIFT,
PERSONAL,GG,GBP,SWIFT,
COMPANY,GG,GBP,SWIFT,
PERSONAL,GG,USD,SWIFT,
COMPANY,GG,USD,SWIFT,
PERSONAL,GI,AUD,SWIFT,
COMPANY,GI,AUD,SWIFT,
PERSONAL,GI,USD,SWIFT,
COMPANY,GI,USD,SWIFT,
PERSONAL,GY,JPY,SWIFT,
COMPANY,GY,JPY,SWIFT,
PERSONAL,KR,HKD,SWIFT,
COMPANY,KR,HKD,SWIFT,
PERSONAL,MA,SGD,SWIFT,
COMPANY,MA,SGD,SWIFT,
PERSONAL,MC,CHF,SWIFT,
COMPANY,MC,CHF,SWIFT,
PERSONAL,MU,THB,SWIFT,
COMPANY,MU,THB,SWIFT,
PERSONAL,MV,GBP,SWIFT,
COMPANY,MV,GBP,SWIFT,
PERSONAL,NI,NZD,SWIFT,
COMPANY,NI,NZD,SWIFT,
PERSONAL,PK,THB,SWIFT,
COMPANY,PK,THB,SWIFT,
PERSONAL,PM,JPY,SWIFT,
COMPANY,PM,JPY,SWIFT,
PERSONAL,RU,SGD,SWIFT,
COMPANY,RU,SGD,SWIFT,
PERSONAL,SA,CAD,SWIFT,
COMPANY,SA,CAD,SWIFT,
PERSONAL,SK,THB,SWIFT,
COMPANY,SK,THB,SWIFT,
PERSONAL,SV,JPY,SWIFT,
COMPANY,SV,JPY,SWIFT,
PERSONAL,US,EUR,SWIFT,
COMPANY,US,EUR,SWIFT,
PERSONAL,US,THB,SWIFT,
COMPANY,US,THB,SWIFT,
PERSONAL,UY,CHF,SWIFT,
COMPANY,UY,CHF,SWIFT,
PERSONAL,VN,SGD,SWIFT,
COMPANY,VN,SGD,SWIFT,
PERSONAL,YT,JPY,SWIFT,
COMPANY,YT,JPY,SWIFT,
PERSONAL,YT,USD,SWIFT,
COMPANY,YT,USD,SWIFT,
PERSONAL,AG,NZD,SWIFT,
COMPANY,AG,NZD,SWIFT,
PERSONAL,AM,CAD,SWIFT,
COMPANY,AM,CAD,SWIFT,
PERSONAL,AM,SGD,SWIFT,
COMPANY,AM,SGD,SWIFT,
PERSONAL,AR,AUD,SWIFT,
COMPANY,AR,AUD,SWIFT,
PERSONAL,AR,JPY,SWIFT,
COMPANY,AR,JPY,SWIFT,
PERSONAL,AR,CHF,SWIFT,
COMPANY,AR,CHF,SWIFT,
PERSONAL,BE,GBP,SWIFT,
COMPANY,BE,GBP,SWIFT,
PERSONAL,CN,JPY,SWIFT,
COMPANY,CN,JPY,SWIFT,
PERSONAL,CW,CHF,SWIFT,
COMPANY,CW,CHF,SWIFT,
PERSONAL,CY,HKD,SWIFT,
COMPANY,CY,HKD,SWIFT,
PERSONAL,CY,CHF,SWIFT,
COMPANY,CY,CHF,SWIFT,
PERSONAL,GB,HKD,SWIFT,
COMPANY,GB,HKD,SWIFT,
PERSONAL,GD,CAD,SWIFT,
COMPANY,GD,CAD,SWIFT,
PERSONAL,GD,USD,SWIFT,
COMPANY,GD,USD,SWIFT,
PERSONAL,GG,THB,SWIFT,
COMPANY,GG,THB,SWIFT,
PERSONAL,GT,JPY,SWIFT,
COMPANY,GT,JPY,SWIFT,
PERSONAL,HK,CHF,SWIFT,
COMPANY,HK,CHF,SWIFT,
PERSONAL,HN,CNY,SWIFT,
COMPANY,HN,CNY,SWIFT,
PERSONAL,IL,JPY,SWIFT,
COMPANY,IL,JPY,SWIFT,
PERSONAL,IM,EUR,SWIFT,
COMPANY,IM,EUR,SWIFT,
PERSONAL,IM,CHF,SWIFT,
COMPANY,IM,CHF,SWIFT,
PERSONAL,IN,CAD,SWIFT,
COMPANY,IN,CAD,SWIFT,
PERSONAL,IS,HKD,SWIFT,
COMPANY,IS,HKD,SWIFT,
PERSONAL,JE,THB,SWIFT,
COMPANY,JE,THB,SWIFT,
PERSONAL,JP,SGD,SWIFT,
COMPANY,JP,SGD,SWIFT,
PERSONAL,LK,CHF,SWIFT,
COMPANY,LK,CHF,SWIFT,
PERSONAL,LT,SGD,SWIFT,
COMPANY,LT,SGD,SWIFT,
PERSONAL,NG,CNY,SWIFT,
COMPANY,NG,CNY,SWIFT,
PERSONAL,NO,CNY,SWIFT,
COMPANY,NO,CNY,SWIFT,
PERSONAL,NZ,NZD,SWIFT,
COMPANY,NZ,NZD,SWIFT,
PERSONAL,PA,HKD,SWIFT,
COMPANY,PA,HKD,SWIFT,
PERSONAL,PL,THB,SWIFT,
COMPANY,PL,THB,SWIFT,
PERSONAL,PM,AUD,SWIFT,
COMPANY,PM,AUD,SWIFT,
PERSONAL,PR,NZD,SWIFT,
COMPANY,PR,NZD,SWIFT,
PERSONAL,PT,AUD,SWIFT,
COMPANY,PT,AUD,SWIFT,
PERSONAL,RO,CNY,SWIFT,
COMPANY,RO,CNY,SWIFT,
PERSONAL,TN,GBP,SWIFT,
COMPANY,TN,GBP,SWIFT,
PERSONAL,TN,NZD,SWIFT,
COMPANY,TN,NZD,SWIFT,
PERSONAL,UA,CHF,SWIFT,
COMPANY,UA,CHF,SWIFT,
PERSONAL,ZA,CAD,SWIFT,
COMPANY,ZA,CAD,SWIFT,
PERSONAL,ZA,JPY,SWIFT,
COMPANY,ZA,JPY,SWIFT,
PERSONAL,ZM,JPY,SWIFT,
COMPANY,ZM,JPY,SWIFT,
PERSONAL,AI,JPY,SWIFT,
COMPANY,AI,JPY,SWIFT,
PERSONAL,AI,USD,SWIFT,
COMPANY,AI,USD,SWIFT,
PERSONAL,AM,EUR,SWIFT,
COMPANY,AM,EUR,SWIFT,
PERSONAL,AM,USD,SWIFT,
COMPANY,AM,USD,SWIFT,
PERSONAL,AN,AUD,SWIFT,
COMPANY,AN,AUD,SWIFT,
PERSONAL,AU,CAD,SWIFT,
COMPANY,AU,CAD,SWIFT,
PERSONAL,AW,SGD,SWIFT,
COMPANY,AW,SGD,SWIFT,
PERSONAL,BE,AUD,SWIFT,
COMPANY,BE,AUD,SWIFT,
PERSONAL,BO,CAD,SWIFT,
COMPANY,BO,CAD,SWIFT,
PERSONAL,CH,EUR,LOCAL SWIFT,
COMPANY,CH,EUR,LOCAL SWIFT,
PERSONAL,CW,CAD,SWIFT,
COMPANY,CW,CAD,SWIFT,
PERSONAL,CZ,HKD,SWIFT,
COMPANY,CZ,HKD,SWIFT,
PERSONAL,CZ,SGD,SWIFT,
COMPANY,CZ,SGD,SWIFT,
PERSONAL,FI,CAD,SWIFT,
COMPANY,FI,CAD,SWIFT,
PERSONAL,GQ,AUD,SWIFT,
COMPANY,GQ,AUD,SWIFT,
PERSONAL,GQ,GBP,SWIFT,
COMPANY,GQ,GBP,SWIFT,
PERSONAL,GR,JPY,SWIFT,
COMPANY,GR,JPY,SWIFT,
PERSONAL,GR,SGD,SWIFT,
COMPANY,GR,SGD,SWIFT,
PERSONAL,HR,GBP,SWIFT,
COMPANY,HR,GBP,SWIFT,
PERSONAL,ID,HKD,SWIFT,
COMPANY,ID,HKD,SWIFT,
PERSONAL,IE,EUR,LOCAL SWIFT,
COMPANY,IE,EUR,LOCAL SWIFT,
PERSONAL,IT,CHF,SWIFT,
COMPANY,IT,CHF,SWIFT,
PERSONAL,JM,AUD,SWIFT,
COMPANY,JM,AUD,SWIFT,
PERSONAL,JO,NZD,SWIFT,
COMPANY,JO,NZD,SWIFT,
PERSONAL,JP,AUD,SWIFT,
COMPANY,JP,AUD,SWIFT,
PERSONAL,LI,HKD,SWIFT,
COMPANY,LI,HKD,SWIFT,
PERSONAL,LV,GBP,SWIFT,
COMPANY,LV,GBP,SWIFT,
PERSONAL,MA,USD,SWIFT,
COMPANY,MA,USD,SWIFT,
PERSONAL,MC,EUR,LOCAL SWIFT,
COMPANY,MC,EUR,LOCAL SWIFT,
PERSONAL,MQ,NZD,SWIFT,
COMPANY,MQ,NZD,SWIFT,
PERSONAL,MT,GBP,SWIFT,
COMPANY,MT,GBP,SWIFT,
PERSONAL,MY,NZD,SWIFT,
COMPANY,MY,NZD,SWIFT,
PERSONAL,PM,CHF,SWIFT,
COMPANY,PM,CHF,SWIFT,
PERSONAL,PR,CAD,SWIFT,
COMPANY,PR,CAD,SWIFT,
PERSONAL,PT,CHF,SWIFT,
COMPANY,PT,CHF,SWIFT,
PERSONAL,PY,CAD,SWIFT,
COMPANY,PY,CAD,SWIFT,
PERSONAL,PY,JPY,SWIFT,
COMPANY,PY,JPY,SWIFT,
PERSONAL,PY,USD,SWIFT,
COMPANY,PY,USD,SWIFT,
PERSONAL,SE,NZD,SWIFT,
COMPANY,SE,NZD,SWIFT,
PERSONAL,SG,CAD,SWIFT,
COMPANY,SG,CAD,SWIFT,
PERSONAL,SI,JPY,SWIFT,
COMPANY,SI,JPY,SWIFT,
PERSONAL,SI,THB,SWIFT,
COMPANY,SI,THB,SWIFT,
PERSONAL,TW,NZD,SWIFT,
COMPANY,TW,NZD,SWIFT,
PERSONAL,UA,HKD,SWIFT,
COMPANY,UA,HKD,SWIFT,
PERSONAL,UA,THB,SWIFT,
COMPANY,UA,THB,SWIFT,
PERSONAL,UG,EUR,SWIFT,
COMPANY,UG,EUR,SWIFT,
PERSONAL,UY,GBP,SWIFT,
COMPANY,UY,GBP,SWIFT,
PERSONAL,VN,THB,SWIFT,
COMPANY,VN,THB,SWIFT,
PERSONAL,ZA,CNY,SWIFT,
COMPANY,ZA,CNY,SWIFT,
PERSONAL,ZA,NZD,SWIFT,
COMPANY,ZA,NZD,SWIFT,
PERSONAL,ZM,AUD,SWIFT,
COMPANY,ZM,AUD,SWIFT,
PERSONAL,AE,NZD,SWIFT,
COMPANY,AE,NZD,SWIFT,
PERSONAL,AG,USD,SWIFT,
COMPANY,AG,USD,SWIFT,
PERSONAL,AL,AUD,SWIFT,
COMPANY,AL,AUD,SWIFT,
PERSONAL,BA,CHF,SWIFT,
COMPANY,BA,CHF,SWIFT,
PERSONAL,BD,CHF,SWIFT,
COMPANY,BD,CHF,SWIFT,
PERSONAL,BO,EUR,SWIFT,
COMPANY,BO,EUR,SWIFT,
PERSONAL,BZ,CAD,SWIFT,
COMPANY,BZ,CAD,SWIFT,
PERSONAL,CL,CNY,SWIFT,
COMPANY,CL,CNY,SWIFT,
PERSONAL,CN,SGD,SWIFT,
COMPANY,CN,SGD,SWIFT,
PERSONAL,CY,JPY,SWIFT,
COMPANY,CY,JPY,SWIFT,
PERSONAL,DM,THB,SWIFT,
COMPANY,DM,THB,SWIFT,
PERSONAL,JM,USD,SWIFT,
COMPANY,JM,USD,SWIFT,
PERSONAL,JO,GBP,SWIFT,
COMPANY,JO,GBP,SWIFT,
PERSONAL,JP,USD,SWIFT,
COMPANY,JP,USD,SWIFT,
PERSONAL,LB,SGD,SWIFT,
COMPANY,LB,SGD,SWIFT,
PERSONAL,LI,AUD,SWIFT,
COMPANY,LI,AUD,SWIFT,
PERSONAL,LV,CAD,SWIFT,
COMPANY,LV,CAD,SWIFT,
PERSONAL,MC,HKD,SWIFT,
COMPANY,MC,HKD,SWIFT,
PERSONAL,MD,THB,SWIFT,
COMPANY,MD,THB,SWIFT,
PERSONAL,ME,NZD,SWIFT,
COMPANY,ME,NZD,SWIFT,
PERSONAL,MO,CNY,SWIFT,
COMPANY,MO,CNY,SWIFT,
PERSONAL,MU,AUD,SWIFT,
COMPANY,MU,AUD,SWIFT,
PERSONAL,MV,THB,SWIFT,
COMPANY,MV,THB,SWIFT,
PERSONAL,MX,AUD,SWIFT,
COMPANY,MX,AUD,SWIFT,
PERSONAL,NA,EUR,SWIFT,
COMPANY,NA,EUR,SWIFT,
PERSONAL,NI,AUD,SWIFT,
COMPANY,NI,AUD,SWIFT,
PERSONAL,OM,CAD,SWIFT,
COMPANY,OM,CAD,SWIFT,
PERSONAL,PA,AUD,SWIFT,
COMPANY,PA,AUD,SWIFT,
PERSONAL,PA,JPY,SWIFT,
COMPANY,PA,JPY,SWIFT,
PERSONAL,PK,USD,SWIFT,
COMPANY,PK,USD,SWIFT,
PERSONAL,PL,JPY,SWIFT,
COMPANY,PL,JPY,SWIFT,
PERSONAL,PT,NZD,SWIFT,
COMPANY,PT,NZD,SWIFT,
PERSONAL,PY,GBP,SWIFT,
COMPANY,PY,GBP,SWIFT,
PERSONAL,AT,GBP,SWIFT,
COMPANY,AT,GBP,SWIFT,
PERSONAL,AU,USD,SWIFT,
COMPANY,AU,USD,SWIFT,
PERSONAL,BO,AUD,SWIFT,
COMPANY,BO,AUD,SWIFT,
PERSONAL,BO,NZD,SWIFT,
COMPANY,BO,NZD,SWIFT,
PERSONAL,BZ,THB,SWIFT,
COMPANY,BZ,THB,SWIFT,
PERSONAL,CH,AUD,SWIFT,
COMPANY,CH,AUD,SWIFT,
PERSONAL,DO,AUD,SWIFT,
COMPANY,DO,AUD,SWIFT,
PERSONAL,EE,CAD,SWIFT,
COMPANY,EE,CAD,SWIFT,
PERSONAL,EG,AUD,SWIFT,
COMPANY,EG,AUD,SWIFT,
PERSONAL,EG,SGD,SWIFT,
COMPANY,EG,SGD,SWIFT,
PERSONAL,GR,HKD,SWIFT,
COMPANY,GR,HKD,SWIFT,
PERSONAL,IN,GBP,SWIFT,
COMPANY,IN,GBP,SWIFT,
PERSONAL,KH,JPY,SWIFT,
COMPANY,KH,JPY,SWIFT,
PERSONAL,LK,JPY,SWIFT,
COMPANY,LK,JPY,SWIFT,
PERSONAL,LU,SGD,SWIFT,
COMPANY,LU,SGD,SWIFT,
PERSONAL,NA,HKD,SWIFT,
COMPANY,NA,HKD,SWIFT,
PERSONAL,NG,EUR,SWIFT,
COMPANY,NG,EUR,SWIFT,
PERSONAL,NI,JPY,SWIFT,
COMPANY,NI,JPY,SWIFT,
PERSONAL,NL,NZD,SWIFT,
COMPANY,NL,NZD,SWIFT,
PERSONAL,NO,AUD,SWIFT,
COMPANY,NO,AUD,SWIFT,
PERSONAL,OM,HKD,SWIFT,
COMPANY,OM,HKD,SWIFT,
PERSONAL,PE,GBP,SWIFT,
COMPANY,PE,GBP,SWIFT,
PERSONAL,PE,USD,SWIFT,
COMPANY,PE,USD,SWIFT,
PERSONAL,PL,GBP,SWIFT,
COMPANY,PL,GBP,SWIFT,
PERSONAL,PT,CNY,SWIFT,
COMPANY,PT,CNY,SWIFT,
PERSONAL,PT,THB,SWIFT,
COMPANY,PT,THB,SWIFT,
PERSONAL,PY,CNY,SWIFT,
COMPANY,PY,CNY,SWIFT,
PERSONAL,RU,USD,SWIFT,
COMPANY,RU,USD,SWIFT,
PERSONAL,UY,THB,SWIFT,
COMPANY,UY,THB,SWIFT,
PERSONAL,UZ,CAD,SWIFT,
COMPANY,UZ,CAD,SWIFT,
PERSONAL,UZ,CHF,SWIFT,
COMPANY,UZ,CHF,SWIFT,
PERSONAL,AE,AUD,SWIFT,
COMPANY,AE,AUD,SWIFT,
PERSONAL,AG,SGD,SWIFT,
COMPANY,AG,SGD,SWIFT,
PERSONAL,AG,CHF,SWIFT,
COMPANY,AG,CHF,SWIFT,
PERSONAL,AI,CAD,SWIFT,
COMPANY,AI,CAD,SWIFT,
PERSONAL,AN,SGD,SWIFT,
COMPANY,AN,SGD,SWIFT,
PERSONAL,BA,CAD,SWIFT,
COMPANY,BA,CAD,SWIFT,
PERSONAL,BG,EUR,LOCAL SWIFT,
COMPANY,BG,EUR,LOCAL SWIFT,
PERSONAL,BH,EUR,SWIFT,
COMPANY,BH,EUR,SWIFT,
PERSONAL,BO,GBP,SWIFT,
COMPANY,BO,GBP,SWIFT,
PERSONAL,CL,EUR,SWIFT,
COMPANY,CL,EUR,SWIFT,
PERSONAL,CL,NZD,SWIFT,
COMPANY,CL,NZD,SWIFT,
PERSONAL,EE,EUR,LOCAL SWIFT,
COMPANY,EE,EUR,LOCAL SWIFT,
PERSONAL,GB,JPY,SWIFT,
COMPANY,GB,JPY,SWIFT,
PERSONAL,GB,THB,SWIFT,
COMPANY,GB,THB,SWIFT,
PERSONAL,GG,CNY,SWIFT,
COMPANY,GG,CNY,SWIFT,
PERSONAL,JO,AUD,SWIFT,
COMPANY,JO,AUD,SWIFT,
PERSONAL,KW,CAD,SWIFT,
COMPANY,KW,CAD,SWIFT,
PERSONAL,KW,THB,SWIFT,
COMPANY,KW,THB,SWIFT,
PERSONAL,LI,THB,SWIFT,
COMPANY,LI,THB,SWIFT,
PERSONAL,LU,GBP,SWIFT,
COMPANY,LU,GBP,SWIFT,
PERSONAL,MQ,HKD,SWIFT,
COMPANY,MQ,HKD,SWIFT,
PERSONAL,NZ,EUR,SWIFT,
COMPANY,NZ,EUR,SWIFT,
PERSONAL,PR,JPY,SWIFT,
COMPANY,PR,JPY,SWIFT,
PERSONAL,RO,THB,SWIFT,
COMPANY,RO,THB,SWIFT,
PERSONAL,SA,AUD,SWIFT,
COMPANY,SA,AUD,SWIFT,
PERSONAL,SI,USD,SWIFT,
COMPANY,SI,USD,SWIFT,
PERSONAL,SK,NZD,SWIFT,
COMPANY,SK,NZD,SWIFT,
PERSONAL,SM,CNY,SWIFT,
COMPANY,SM,CNY,SWIFT,
PERSONAL,TJ,THB,SWIFT,
COMPANY,TJ,THB,SWIFT,
PERSONAL,TN,HKD,SWIFT,
COMPANY,TN,HKD,SWIFT,
PERSONAL,TN,THB,SWIFT,
COMPANY,TN,THB,SWIFT,
PERSONAL,TR,CHF,SWIFT,
COMPANY,TR,CHF,SWIFT,
PERSONAL,TW,GBP,SWIFT,
COMPANY,TW,GBP,SWIFT,
PERSONAL,AD,SGD,SWIFT,
COMPANY,AD,SGD,SWIFT,
PERSONAL,AU,GBP,SWIFT,
COMPANY,AU,GBP,SWIFT,
PERSONAL,AU,SGD,SWIFT,
COMPANY,AU,SGD,SWIFT,
PERSONAL,AW,HKD,SWIFT,
COMPANY,AW,HKD,SWIFT,
PERSONAL,AW,NZD,SWIFT,
COMPANY,AW,NZD,SWIFT,
PERSONAL,AW,USD,SWIFT,
COMPANY,AW,USD,SWIFT,
PERSONAL,BA,AUD,SWIFT,
COMPANY,BA,AUD,SWIFT,
PERSONAL,CA,CHF,SWIFT,
COMPANY,CA,CHF,SWIFT,
PERSONAL,CH,CNY,SWIFT,
COMPANY,CH,CNY,SWIFT,
PERSONAL,CH,JPY,SWIFT,
COMPANY,CH,JPY,SWIFT,
PERSONAL,DO,NZD,SWIFT,
COMPANY,DO,NZD,SWIFT,
PERSONAL,EC,EUR,SWIFT,
COMPANY,EC,EUR,SWIFT,
PERSONAL,EE,CHF,SWIFT,
COMPANY,EE,CHF,SWIFT,
PERSONAL,EG,HKD,SWIFT,
COMPANY,EG,HKD,SWIFT,
PERSONAL,GB,SGD,SWIFT,
COMPANY,GB,SGD,SWIFT,
PERSONAL,GT,AUD,SWIFT,
COMPANY,GT,AUD,SWIFT,
PERSONAL,ID,CAD,SWIFT,
COMPANY,ID,CAD,SWIFT,
PERSONAL,IE,JPY,SWIFT,
COMPANY,IE,JPY,SWIFT,
PERSONAL,JE,CNY,SWIFT,
COMPANY,JE,CNY,SWIFT,
PERSONAL,JE,NZD,SWIFT,
COMPANY,JE,NZD,SWIFT,
PERSONAL,KH,CNY,SWIFT,
COMPANY,KH,CNY,SWIFT,
PERSONAL,MA,GBP,SWIFT,
COMPANY,MA,GBP,SWIFT,
PERSONAL,MA,NZD,SWIFT,
COMPANY,MA,NZD,SWIFT,
PERSONAL,ME,JPY,SWIFT,
COMPANY,ME,JPY,SWIFT,
PERSONAL,MO,CAD,SWIFT,
COMPANY,MO,CAD,SWIFT,
PERSONAL,MY,JPY,SWIFT,
COMPANY,MY,JPY,SWIFT,
PERSONAL,NP,CNY,SWIFT,
COMPANY,NP,CNY,SWIFT,
PERSONAL,PM,NZD,SWIFT,
COMPANY,PM,NZD,SWIFT,
PERSONAL,PY,SGD,SWIFT,
COMPANY,PY,SGD,SWIFT,
PERSONAL,QA,SGD,SWIFT,
COMPANY,QA,SGD,SWIFT,
PERSONAL,RU,CNY,SWIFT,
COMPANY,RU,CNY,SWIFT,
PERSONAL,SM,GBP,SWIFT,
COMPANY,SM,GBP,SWIFT,
PERSONAL,TZ,GBP,SWIFT,
COMPANY,TZ,GBP,SWIFT,
